1,1,"Access Control Policy","Generated Compliance Finding",Critical,Closed,"2025-02-25 00:00:00","2025-04-23 00:00:00","2025-04-19 00:00:00",0
2,1,"Vendor Compliance Policy","Generated Compliance Finding",Medium,"In Progress","2025-12-19 00:00:00","2026-01-09 00:00:00",,1
3,2,"Access Control Policy","Generated Compliance Finding",Critical,"In Progress","2024-08-15 00:00:00","2024-09-11 00:00:00",,1
4,2,"Data Retention Policy","Generated Compliance Finding",Medium,Open,"2024-08-21 00:00:00","2024-09-19 00:00:00",,1
5,3,"Access Control Policy","Generated Compliance Finding",Medium,Open,"2024-12-02 00:00:00","2025-01-03 00:00:00",,1
6,3,"Access Control Policy","Generated Compliance Finding",Medium,"In Progress","2025-10-18 00:00:00","2025-12-04 00:00:00",,1
7,4,"Access Control Policy","Generated Compliance Finding",Low,Open,"2024-04-28 00:00:00","2024-05-29 00:00:00",,1
8,4,"Access Control Policy","Generated Compliance Finding",Low,"In Progress","2024-04-21 00:00:00","2024-06-13 00:00:00",,1
9,5,"Anti-Bribery Policy","Generated Compliance Finding",Critical,Closed,"2025-03-22 00:00:00","2025-05-14 00:00:00","2025-05-12 00:00:00",0
10,5,"Vendor Compliance Policy","Generated Compliance Finding",Medium,Closed,"2024-09-17 00:00:00","2024-10-04 00:00:00","2024-09-27 00:00:00",0
11,6,"Access Control Policy","Generated Compliance Finding",Medium,Open,"2025-01-07 00:00:00","2025-02-18 00:00:00",,1
12,6,"Access Control Policy","Generated Compliance Finding",High,Closed,"2025-11-10 00:00:00","2025-12-02 00:00:00","2025-11-27 00:00:00",0
13,7,"Data Retention Policy","Generated Compliance Finding",High,Closed,"2024-11-30 00:00:00","2025-01-09 00:00:00","2025-01-04 00:00:00",0
14,7,"Data Retention Policy","Generated Compliance Finding",Medium,"In Progress","2025-03-06 00:00:00","2025-05-02 00:00:00",,1
15,8,"Access Control Policy","Generated Compliance Finding",High,Open,"2025-02-19 00:00:00","2025-04-10 00:00:00",,1
16,8,"Access Control Policy","Generated Compliance Finding",Medium,Closed,"2024-08-03 00:00:00","2024-09-14 00:00:00","2024-09-04 00:00:00",0
17,9,"Anti-Bribery Policy","Generated Compliance Finding",Medium,Closed,"2025-03-28 00:00:00","2025-05-10 00:00:00","2025-05-06 00:00:00",0
18,9,"Access Control Policy","Generated Compliance Finding",High,"In Progress","2025-11-05 00:00:00","2025-11-25 00:00:00",,1
19,10,"Data Retention Policy","Generated Compliance Finding",Low,"In Progress","2024-08-28 00:00:00","2024-10-25 00:00:00",,1
20,10,"Data Retention Policy","Generated Compliance Finding",High,Open,"2024-05-30 00:00:00","2024-06-15 00:00:00",,1
21,11,"Data Retention Policy","Generated Compliance Finding",Medium,Closed,"2025-04-11 00:00:00","2025-05-22 00:00:00","2025-05-12 00:00:00",0
22,11,"Data Retention Policy","Generated Compliance Finding",Critical,Open,"2025-05-21 00:00:00","2025-06-30 00:00:00",,1
23,12,"Data Retention Policy","Generated Compliance Finding",Medium,Open,"2024-04-19 00:00:00","2024-05-31 00:00:00",,1
24,12,"Vendor Compliance Policy","Generated Compliance Finding",Critical,Open,"2024-02-21 00:00:00","2024-04-11 00:00:00",,1
25,13,"Access Control Policy","Generated Compliance Finding",Medium,Closed,"2024-05-16 00:00:00","2024-06-29 00:00:00","2024-06-20 00:00:00",0
26,13,"Anti-Bribery Policy","Generated Compliance Finding",Critical,"In Progress","2025-09-19 00:00:00","2025-11-05 00:00:00",,1
27,14,"Data Retention Policy","Generated Compliance Finding",Medium,"In Progress","2025-05-01 00:00:00","2025-06-13 00:00:00",,1
28,14,"Access Control Policy","Generated Compliance Finding",Critical,Closed,"2025-06-17 00:00:00","2025-08-02 00:00:00","2025-07-29 00:00:00",0
29,15,"Data Retention Policy","Generated Compliance Finding",Medium,"In Progress","2024-03-20 00:00:00","2024-05-19 00:00:00",,1
30,15,"Data Retention Policy","Generated Compliance Finding",Medium,Closed,"2024-12-09 00:00:00","2025-01-13 00:00:00","2025-01-11 00:00:00",0
31,16,"Data Retention Policy","Generated Compliance Finding",Low,Closed,"2024-08-24 00:00:00","2024-10-02 00:00:00","2024-09-29 00:00:00",0
32,16,"Anti-Bribery Policy","Generated Compliance Finding",Low,"In Progress","2025-02-28 00:00:00","2025-04-10 00:00:00",,1
33,17,"Anti-Bribery Policy","Generated Compliance Finding",Medium,"In Progress","2024-03-04 00:00:00","2024-04-01 00:00:00",,1
34,17,"Vendor Compliance Policy","Generated Compliance Finding",High,"In Progress","2025-08-12 00:00:00","2025-09-20 00:00:00",,1
35,18,"Data Retention Policy","Generated Compliance Finding",Medium,"In Progress","2024-11-01 00:00:00","2024-12-10 00:00:00",,1
36,18,"Vendor Compliance Policy","Generated Compliance Finding",Medium,"In Progress","2024-10-06 00:00:00","2024-11-17 00:00:00",,1
37,19,"Data Retention Policy","Generated Compliance Finding",Medium,Closed,"2024-12-10 00:00:00","2025-02-05 00:00:00","2025-01-29 00:00:00",0
38,19,"Anti-Bribery Policy","Generated Compliance Finding",Critical,Closed,"2024-05-10 00:00:00","2024-07-03 00:00:00","2024-07-02 00:00:00",0
39,20,"Data Retention Policy","Generated Compliance Finding",Medium,"In Progress","2024-03-26 00:00:00","2024-05-21 00:00:00",,1
40,20,"Anti-Bribery Policy","Generated Compliance Finding",Critical,"In Progress","2024-07-05 00:00:00","2024-07-23 00:00:00",,1
41,21,"Access Control Policy","Generated Compliance Finding",Medium,"In Progress","2024-08-04 00:00:00","2024-09-17 00:00:00",,1
42,21,"Vendor Compliance Policy","Generated Compliance Finding",Critical,"In Progress","2024-10-11 00:00:00","2024-11-21 00:00:00",,1
43,22,"Data Retention Policy","Generated Compliance Finding",Medium,"In Progress","2025-07-06 00:00:00","2025-07-24 00:00:00",,1
44,22,"Data Retention Policy","Generated Compliance Finding",Medium,Open,"2025-10-29 00:00:00","2025-11-15 00:00:00",,1
45,23,"Data Retention Policy","Generated Compliance Finding",Medium,Open,"2024-01-21 00:00:00","2024-03-15 00:00:00",,1
46,23,"Data Retention Policy","Generated Compliance Finding",Low,Open,"2025-04-29 00:00:00","2025-06-25 00:00:00",,1
47,24,"Data Retention Policy","Generated Compliance Finding",Medium,"In Progress","2025-12-17 00:00:00","2026-01-17 00:00:00",,1
48,24,"Vendor Compliance Policy","Generated Compliance Finding",Medium,Open,"2024-06-16 00:00:00","2024-07-20 00:00:00",,1
49,25,"Anti-Bribery Policy","Generated Compliance Finding",Medium,"In Progress","2025-08-12 00:00:00","2025-10-09 00:00:00",,1
50,25,"Vendor Compliance Policy","Generated Compliance Finding",High,Closed,"2024-03-18 00:00:00","2024-05-09 00:00:00","2024-05-05 00:00:00",0
51,26,"Vendor Compliance Policy","Generated Compliance Finding",High,Open,"2025-12-01 00:00:00","2026-01-23 00:00:00",,1
52,26,"Vendor Compliance Policy","Generated Compliance Finding",Medium,Closed,"2025-06-29 00:00:00","2025-08-10 00:00:00","2025-08-04 00:00:00",0
53,27,"Vendor Compliance Policy","Generated Compliance Finding",High,"In Progress","2024-01-13 00:00:00","2024-02-23 00:00:00",,1
54,27,"Data Retention Policy","Generated Compliance Finding",Medium,"In Progress","2025-01-05 00:00:00","2025-03-01 00:00:00",,1
55,28,"Anti-Bribery Policy","Generated Compliance Finding",Medium,Closed,"2024-06-29 00:00:00","2024-08-16 00:00:00","2024-08-11 00:00:00",0
56,28,"Access Control Policy","Generated Compliance Finding",Medium,"In Progress","2025-03-22 00:00:00","2025-05-13 00:00:00",,1
57,29,"Data Retention Policy","Generated Compliance Finding",High,"In Progress","2024-03-29 00:00:00","2024-04-30 00:00:00",,1
58,29,"Access Control Policy","Generated Compliance Finding",Critical,Closed,"2025-08-06 00:00:00","2025-09-29 00:00:00","2025-09-22 00:00:00",0
59,30,"Anti-Bribery Policy","Generated Compliance Finding",Low,Open,"2025-05-21 00:00:00","2025-06-25 00:00:00",,1
60,30,"Access Control Policy","Generated Compliance Finding",Medium,"In Progress","2024-12-29 00:00:00","2025-01-29 00:00:00",,1
61,31,"Vendor Compliance Policy","Generated Compliance Finding",High,Closed,"2025-07-23 00:00:00","2025-08-07 00:00:00","2025-08-03 00:00:00",0
62,31,"Anti-Bribery Policy","Generated Compliance Finding",Medium,Closed,"2025-02-20 00:00:00","2025-04-07 00:00:00","2025-04-03 00:00:00",0
63,32,"Access Control Policy","Generated Compliance Finding",High,Open,"2025-04-03 00:00:00","2025-04-19 00:00:00",,1
64,32,"Access Control Policy","Generated Compliance Finding",Medium,Open,"2025-02-18 00:00:00","2025-04-18 00:00:00",,1
65,33,"Anti-Bribery Policy","Generated Compliance Finding",High,Closed,"2025-04-29 00:00:00","2025-06-18 00:00:00","2025-06-12 00:00:00",0
66,33,"Access Control Policy","Generated Compliance Finding",Critical,"In Progress","2024-12-26 00:00:00","2025-02-23 00:00:00",,1
67,34,"Data Retention Policy","Generated Compliance Finding",Medium,Open,"2024-09-14 00:00:00","2024-10-13 00:00:00",,1
68,34,"Data Retention Policy","Generated Compliance Finding",Medium,Closed,"2024-05-02 00:00:00","2024-06-20 00:00:00","2024-06-17 00:00:00",0
69,35,"Access Control Policy","Generated Compliance Finding",Medium,Closed,"2025-05-10 00:00:00","2025-06-11 00:00:00","2025-06-01 00:00:00",0
70,35,"Access Control Policy","Generated Compliance Finding",Low,Open,"2024-07-17 00:00:00","2024-08-19 00:00:00",,1
71,36,"Data Retention Policy","Generated Compliance Finding",Medium,Closed,"2024-11-05 00:00:00","2024-11-20 00:00:00","2024-11-11 00:00:00",0
72,36,"Data Retention Policy","Generated Compliance Finding",Medium,Closed,"2024-02-16 00:00:00","2024-03-05 00:00:00","2024-02-29 00:00:00",0
73,37,"Anti-Bribery Policy","Generated Compliance Finding",High,Closed,"2024-04-15 00:00:00","2024-04-30 00:00:00","2024-04-25 00:00:00",0
74,37,"Access Control Policy","Generated Compliance Finding",High,Open,"2024-12-14 00:00:00","2025-01-09 00:00:00",,1
75,38,"Anti-Bribery Policy","Generated Compliance Finding",Critical,"In Progress","2024-04-26 00:00:00","2024-05-15 00:00:00",,1
76,38,"Data Retention Policy","Generated Compliance Finding",Low,Closed,"2025-08-13 00:00:00","2025-10-07 00:00:00","2025-10-06 00:00:00",0
77,39,"Data Retention Policy","Generated Compliance Finding",Low,Open,"2025-07-30 00:00:00","2025-09-02 00:00:00",,1
78,39,"Data Retention Policy","Generated Compliance Finding",Low,Closed,"2025-07-25 00:00:00","2025-09-04 00:00:00","2025-08-25 00:00:00",0
79,40,"Anti-Bribery Policy","Generated Compliance Finding",Critical,"In Progress","2025-04-06 00:00:00","2025-05-19 00:00:00",,1
80,40,"Vendor Compliance Policy","Generated Compliance Finding",Medium,Open,"2025-08-05 00:00:00","2025-09-28 00:00:00",,1
81,41,"Vendor Compliance Policy","Generated Compliance Finding",High,"In Progress","2025-10-02 00:00:00","2025-10-30 00:00:00",,1
82,41,"Data Retention Policy","Generated Compliance Finding",Medium,Closed,"2024-09-02 00:00:00","2024-09-28 00:00:00","2024-09-26 00:00:00",0
83,42,"Anti-Bribery Policy","Generated Compliance Finding",Low,Closed,"2025-02-22 00:00:00","2025-04-06 00:00:00","2025-03-27 00:00:00",0
84,42,"Access Control Policy","Generated Compliance Finding",Medium,"In Progress","2024-02-03 00:00:00","2024-03-03 00:00:00",,1
85,43,"Access Control Policy","Generated Compliance Finding",High,Open,"2024-03-13 00:00:00","2024-05-10 00:00:00",,1
86,43,"Data Retention Policy","Generated Compliance Finding",High,Closed,"2025-03-11 00:00:00","2025-04-02 00:00:00","2025-03-29 00:00:00",0
87,44,"Data Retention Policy","Generated Compliance Finding",Medium,Open,"2024-05-25 00:00:00","2024-06-13 00:00:00",,1
88,44,"Anti-Bribery Policy","Generated Compliance Finding",Critical,"In Progress","2025-09-01 00:00:00","2025-10-22 00:00:00",,1
89,45,"Anti-Bribery Policy","Generated Compliance Finding",Low,"In Progress","2025-04-24 00:00:00","2025-06-22 00:00:00",,1
90,45,"Anti-Bribery Policy","Generated Compliance Finding",Medium,"In Progress","2025-05-27 00:00:00","2025-07-15 00:00:00",,1
91,46,"Access Control Policy","Generated Compliance Finding",Low,"In Progress","2025-09-04 00:00:00","2025-09-21 00:00:00",,1
92,46,"Vendor Compliance Policy","Generated Compliance Finding",High,Open,"2024-01-27 00:00:00","2024-02-16 00:00:00",,1
93,47,"Anti-Bribery Policy","Generated Compliance Finding",Critical,Open,"2025-08-13 00:00:00","2025-08-30 00:00:00",,1
94,47,"Anti-Bribery Policy","Generated Compliance Finding",High,Closed,"2024-10-11 00:00:00","2024-11-06 00:00:00","2024-10-30 00:00:00",0
95,48,"Access Control Policy","Generated Compliance Finding",Low,"In Progress","2025-04-26 00:00:00","2025-06-02 00:00:00",,1
96,48,"Access Control Policy","Generated Compliance Finding",Medium,Open,"2025-11-17 00:00:00","2025-12-08 00:00:00",,1
97,49,"Anti-Bribery Policy","Generated Compliance Finding",Medium,"In Progress","2025-12-11 00:00:00","2026-01-26 00:00:00",,1
98,49,"Access Control Policy","Generated Compliance Finding",High,"In Progress","2025-04-10 00:00:00","2025-04-30 00:00:00",,1
99,50,"Anti-Bribery Policy","Generated Compliance Finding",Medium,Closed,"2024-04-28 00:00:00","2024-06-07 00:00:00","2024-06-06 00:00:00",0
100,50,"Anti-Bribery Policy","Generated Compliance Finding",Medium,Closed,"2024-02-25 00:00:00","2024-03-23 00:00:00","2024-03-17 00:00:00",0
101,51,"Data Retention Policy","Generated Compliance Finding",High,"In Progress","2024-02-22 00:00:00","2024-03-21 00:00:00",,1
102,51,"Vendor Compliance Policy","Generated Compliance Finding",Medium,"In Progress","2025-03-24 00:00:00","2025-05-22 00:00:00",,1
103,52,"Data Retention Policy","Generated Compliance Finding",Low,Open,"2025-10-07 00:00:00","2025-11-29 00:00:00",,1
104,52,"Vendor Compliance Policy","Generated Compliance Finding",Medium,Closed,"2025-07-18 00:00:00","2025-08-02 00:00:00","2025-07-26 00:00:00",0
105,53,"Data Retention Policy","Generated Compliance Finding",Medium,Open,"2024-04-26 00:00:00","2024-06-09 00:00:00",,1
106,53,"Anti-Bribery Policy","Generated Compliance Finding",High,"In Progress","2025-06-05 00:00:00","2025-08-04 00:00:00",,1
107,54,"Data Retention Policy","Generated Compliance Finding",Critical,"In Progress","2025-04-28 00:00:00","2025-05-28 00:00:00",,1
108,54,"Vendor Compliance Policy","Generated Compliance Finding",Medium,Closed,"2024-07-14 00:00:00","2024-09-05 00:00:00","2024-09-02 00:00:00",0
109,55,"Vendor Compliance Policy","Generated Compliance Finding",Medium,Closed,"2025-02-28 00:00:00","2025-04-05 00:00:00","2025-03-31 00:00:00",0
110,55,"Data Retention Policy","Generated Compliance Finding",Medium,Closed,"2024-11-01 00:00:00","2024-12-23 00:00:00","2024-12-15 00:00:00",0
111,56,"Access Control Policy","Generated Compliance Finding",Medium,"In Progress","2025-07-05 00:00:00","2025-08-19 00:00:00",,1
112,56,"Data Retention Policy","Generated Compliance Finding",High,Open,"2025-04-11 00:00:00","2025-05-16 00:00:00",,1
113,57,"Access Control Policy","Generated Compliance Finding",High,Open,"2024-08-27 00:00:00","2024-10-07 00:00:00",,1
114,57,"Data Retention Policy","Generated Compliance Finding",Critical,"In Progress","2025-12-23 00:00:00","2026-01-31 00:00:00",,1
115,58,"Vendor Compliance Policy","Generated Compliance Finding",Medium,Closed,"2024-05-09 00:00:00","2024-06-25 00:00:00","2024-06-19 00:00:00",0
116,58,"Vendor Compliance Policy","Generated Compliance Finding",Critical,"In Progress","2024-04-12 00:00:00","2024-05-30 00:00:00",,1
117,59,"Vendor Compliance Policy","Generated Compliance Finding",High,Open,"2025-02-23 00:00:00","2025-04-20 00:00:00",,1
118,59,"Vendor Compliance Policy","Generated Compliance Finding",High,Closed,"2024-12-12 00:00:00","2025-02-04 00:00:00","2025-01-28 00:00:00",0
119,60,"Access Control Policy","Generated Compliance Finding",Critical,"In Progress","2025-11-21 00:00:00","2026-01-09 00:00:00",,1
120,60,"Data Retention Policy","Generated Compliance Finding",High,Closed,"2025-07-08 00:00:00","2025-07-25 00:00:00","2025-07-23 00:00:00",0
121,61,"Vendor Compliance Policy","Generated Compliance Finding",High,"In Progress","2024-08-20 00:00:00","2024-09-09 00:00:00",,1
122,61,"Vendor Compliance Policy","Generated Compliance Finding",High,Closed,"2025-03-30 00:00:00","2025-04-24 00:00:00","2025-04-19 00:00:00",0
123,62,"Access Control Policy","Generated Compliance Finding",Low,"In Progress","2024-11-28 00:00:00","2024-12-16 00:00:00",,1
124,62,"Anti-Bribery Policy","Generated Compliance Finding",Medium,Open,"2025-03-17 00:00:00","2025-04-10 00:00:00",,1
125,63,"Anti-Bribery Policy","Generated Compliance Finding",Medium,Open,"2024-06-23 00:00:00","2024-07-19 00:00:00",,1
126,63,"Data Retention Policy","Generated Compliance Finding",Medium,Open,"2025-05-24 00:00:00","2025-07-15 00:00:00",,1
127,64,"Access Control Policy","Generated Compliance Finding",Medium,"In Progress","2025-10-15 00:00:00","2025-11-15 00:00:00",,1
128,64,"Data Retention Policy","Generated Compliance Finding",Medium,Closed,"2025-04-21 00:00:00","2025-05-24 00:00:00","2025-05-15 00:00:00",0
129,65,"Anti-Bribery Policy","Generated Compliance Finding",Low,Closed,"2025-03-28 00:00:00","2025-05-04 00:00:00","2025-04-29 00:00:00",0
130,65,"Anti-Bribery Policy","Generated Compliance Finding",High,Open,"2025-04-12 00:00:00","2025-05-16 00:00:00",,1
131,66,"Access Control Policy","Generated Compliance Finding",Critical,"In Progress","2024-04-19 00:00:00","2024-05-19 00:00:00",,1
132,66,"Anti-Bribery Policy","Generated Compliance Finding",High,Open,"2025-12-17 00:00:00","2026-01-19 00:00:00",,1
133,67,"Anti-Bribery Policy","Generated Compliance Finding",Medium,Closed,"2024-01-09 00:00:00","2024-02-29 00:00:00","2024-02-28 00:00:00",0
134,67,"Data Retention Policy","Generated Compliance Finding",Critical,"In Progress","2024-08-23 00:00:00","2024-10-15 00:00:00",,1
135,68,"Vendor Compliance Policy","Generated Compliance Finding",Medium,Closed,"2025-09-27 00:00:00","2025-10-28 00:00:00","2025-10-25 00:00:00",0
136,68,"Access Control Policy","Generated Compliance Finding",Medium,Open,"2024-11-12 00:00:00","2024-12-25 00:00:00",,1
137,69,"Anti-Bribery Policy","Generated Compliance Finding",High,"In Progress","2024-04-02 00:00:00","2024-05-05 00:00:00",,1
138,69,"Access Control Policy","Generated Compliance Finding",Medium,Closed,"2024-07-24 00:00:00","2024-08-16 00:00:00","2024-08-10 00:00:00",0
139,70,"Access Control Policy","Generated Compliance Finding",High,"In Progress","2024-09-20 00:00:00","2024-11-04 00:00:00",,1
140,70,"Data Retention Policy","Generated Compliance Finding",High,Open,"2025-04-24 00:00:00","2025-05-13 00:00:00",,1
141,71,"Anti-Bribery Policy","Generated Compliance Finding",Critical,Open,"2025-07-24 00:00:00","2025-08-31 00:00:00",,1
142,71,"Anti-Bribery Policy","Generated Compliance Finding",Low,Open,"2024-09-27 00:00:00","2024-11-15 00:00:00",,1
143,72,"Anti-Bribery Policy","Generated Compliance Finding",Medium,"In Progress","2025-11-19 00:00:00","2026-01-16 00:00:00",,1
144,72,"Anti-Bribery Policy","Generated Compliance Finding",Critical,Open,"2024-04-20 00:00:00","2024-06-17 00:00:00",,1
145,73,"Data Retention Policy","Generated Compliance Finding",Low,"In Progress","2025-09-26 00:00:00","2025-11-15 00:00:00",,1
146,73,"Anti-Bribery Policy","Generated Compliance Finding",Medium,Closed,"2025-10-12 00:00:00","2025-11-25 00:00:00","2025-11-20 00:00:00",0
147,74,"Access Control Policy","Generated Compliance Finding",Low,Open,"2024-05-23 00:00:00","2024-06-09 00:00:00",,1
148,74,"Anti-Bribery Policy","Generated Compliance Finding",Medium,Closed,"2024-04-09 00:00:00","2024-05-09 00:00:00","2024-05-06 00:00:00",0
149,75,"Anti-Bribery Policy","Generated Compliance Finding",Medium,Closed,"2025-01-14 00:00:00","2025-03-12 00:00:00","2025-03-03 00:00:00",0
150,75,"Anti-Bribery Policy","Generated Compliance Finding",Medium,Open,"2025-02-28 00:00:00","2025-04-25 00:00:00",,1
151,76,"Access Control Policy","Generated Compliance Finding",Critical,Closed,"2025-02-25 00:00:00","2025-04-23 00:00:00","2025-04-19 00:00:00",0
152,76,"Vendor Compliance Policy","Generated Compliance Finding",Medium,"In Progress","2025-12-19 00:00:00","2026-01-09 00:00:00",,1
153,77,"Access Control Policy","Generated Compliance Finding",Critical,"In Progress","2024-08-15 00:00:00","2024-09-11 00:00:00",,1
154,77,"Data Retention Policy","Generated Compliance Finding",Medium,Open,"2024-08-21 00:00:00","2024-09-19 00:00:00",,1
155,78,"Access Control Policy","Generated Compliance Finding",Medium,Open,"2024-12-02 00:00:00","2025-01-03 00:00:00",,1
156,78,"Access Control Policy","Generated Compliance Finding",Medium,"In Progress","2025-10-18 00:00:00","2025-12-04 00:00:00",,1
157,79,"Access Control Policy","Generated Compliance Finding",Low,Open,"2024-04-28 00:00:00","2024-05-29 00:00:00",,1
158,79,"Access Control Policy","Generated Compliance Finding",Low,"In Progress","2024-04-21 00:00:00","2024-06-13 00:00:00",,1
159,80,"Anti-Bribery Policy","Generated Compliance Finding",Critical,Closed,"2025-03-22 00:00:00","2025-05-14 00:00:00","2025-05-12 00:00:00",0
160,80,"Vendor Compliance Policy","Generated Compliance Finding",Medium,Closed,"2024-09-17 00:00:00","2024-10-04 00:00:00","2024-09-27 00:00:00",0
161,81,"Access Control Policy","Generated Compliance Finding",Medium,Open,"2025-01-07 00:00:00","2025-02-18 00:00:00",,1
162,81,"Access Control Policy","Generated Compliance Finding",High,Closed,"2025-11-10 00:00:00","2025-12-02 00:00:00","2025-11-27 00:00:00",0
163,82,"Data Retention Policy","Generated Compliance Finding",High,Closed,"2024-11-30 00:00:00","2025-01-09 00:00:00","2025-01-04 00:00:00",0
164,82,"Data Retention Policy","Generated Compliance Finding",Medium,"In Progress","2025-03-06 00:00:00","2025-05-02 00:00:00",,1
165,83,"Access Control Policy","Generated Compliance Finding",High,Open,"2025-02-19 00:00:00","2025-04-10 00:00:00",,1
166,83,"Access Control Policy","Generated Compliance Finding",Medium,Closed,"2024-08-03 00:00:00","2024-09-14 00:00:00","2024-09-04 00:00:00",0
167,84,"Anti-Bribery Policy","Generated Compliance Finding",Medium,Closed,"2025-03-28 00:00:00","2025-05-10 00:00:00","2025-05-06 00:00:00",0
168,84,"Access Control Policy","Generated Compliance Finding",High,"In Progress","2025-11-05 00:00:00","2025-11-25 00:00:00",,1
169,85,"Data Retention Policy","Generated Compliance Finding",Low,"In Progress","2024-08-28 00:00:00","2024-10-25 00:00:00",,1
170,85,"Data Retention Policy","Generated Compliance Finding",High,Open,"2024-05-30 00:00:00","2024-06-15 00:00:00",,1
171,86,"Data Retention Policy","Generated Compliance Finding",Medium,Closed,"2025-04-11 00:00:00","2025-05-22 00:00:00","2025-05-12 00:00:00",0
172,86,"Data Retention Policy","Generated Compliance Finding",Critical,Open,"2025-05-21 00:00:00","2025-06-30 00:00:00",,1
173,87,"Data Retention Policy","Generated Compliance Finding",Medium,Open,"2024-04-19 00:00:00","2024-05-31 00:00:00",,1
174,87,"Vendor Compliance Policy","Generated Compliance Finding",Critical,Open,"2024-02-21 00:00:00","2024-04-11 00:00:00",,1
175,88,"Access Control Policy","Generated Compliance Finding",Medium,Closed,"2024-05-16 00:00:00","2024-06-29 00:00:00","2024-06-20 00:00:00",0
176,88,"Anti-Bribery Policy","Generated Compliance Finding",Critical,"In Progress","2025-09-19 00:00:00","2025-11-05 00:00:00",,1
177,89,"Data Retention Policy","Generated Compliance Finding",Medium,"In Progress","2025-05-01 00:00:00","2025-06-13 00:00:00",,1
178,89,"Access Control Policy","Generated Compliance Finding",Critical,Closed,"2025-06-17 00:00:00","2025-08-02 00:00:00","2025-07-29 00:00:00",0
179,90,"Data Retention Policy","Generated Compliance Finding",Medium,"In Progress","2024-03-20 00:00:00","2024-05-19 00:00:00",,1
180,90,"Data Retention Policy","Generated Compliance Finding",Medium,Closed,"2024-12-09 00:00:00","2025-01-13 00:00:00","2025-01-11 00:00:00",0
181,91,"Data Retention Policy","Generated Compliance Finding",Low,Closed,"2024-08-24 00:00:00","2024-10-02 00:00:00","2024-09-29 00:00:00",0
182,91,"Anti-Bribery Policy","Generated Compliance Finding",Low,"In Progress","2025-02-28 00:00:00","2025-04-10 00:00:00",,1
183,92,"Anti-Bribery Policy","Generated Compliance Finding",Medium,"In Progress","2024-03-04 00:00:00","2024-04-01 00:00:00",,1
184,92,"Vendor Compliance Policy","Generated Compliance Finding",High,"In Progress","2025-08-12 00:00:00","2025-09-20 00:00:00",,1
185,93,"Data Retention Policy","Generated Compliance Finding",Medium,"In Progress","2024-11-01 00:00:00","2024-12-10 00:00:00",,1
186,93,"Vendor Compliance Policy","Generated Compliance Finding",Medium,"In Progress","2024-10-06 00:00:00","2024-11-17 00:00:00",,1
187,94,"Data Retention Policy","Generated Compliance Finding",Medium,Closed,"2024-12-10 00:00:00","2025-02-05 00:00:00","2025-01-29 00:00:00",0
188,94,"Anti-Bribery Policy","Generated Compliance Finding",Critical,Closed,"2024-05-10 00:00:00","2024-07-03 00:00:00","2024-07-02 00:00:00",0
189,95,"Data Retention Policy","Generated Compliance Finding",Medium,"In Progress","2024-03-26 00:00:00","2024-05-21 00:00:00",,1
190,95,"Anti-Bribery Policy","Generated Compliance Finding",Critical,"In Progress","2024-07-05 00:00:00","2024-07-23 00:00:00",,1
191,96,"Access Control Policy","Generated Compliance Finding",Medium,"In Progress","2024-08-04 00:00:00","2024-09-17 00:00:00",,1
192,96,"Vendor Compliance Policy","Generated Compliance Finding",Critical,"In Progress","2024-10-11 00:00:00","2024-11-21 00:00:00",,1
193,97,"Data Retention Policy","Generated Compliance Finding",Medium,"In Progress","2025-07-06 00:00:00","2025-07-24 00:00:00",,1
194,97,"Data Retention Policy","Generated Compliance Finding",Medium,Open,"2025-10-29 00:00:00","2025-11-15 00:00:00",,1
195,98,"Data Retention Policy","Generated Compliance Finding",Medium,Open,"2024-01-21 00:00:00","2024-03-15 00:00:00",,1
196,98,"Data Retention Policy","Generated Compliance Finding",Low,Open,"2025-04-29 00:00:00","2025-06-25 00:00:00",,1
197,99,"Data Retention Policy","Generated Compliance Finding",Medium,"In Progress","2025-12-17 00:00:00","2026-01-17 00:00:00",,1
198,99,"Vendor Compliance Policy","Generated Compliance Finding",Medium,Open,"2024-06-16 00:00:00","2024-07-20 00:00:00",,1
199,100,"Anti-Bribery Policy","Generated Compliance Finding",Medium,"In Progress","2025-08-12 00:00:00","2025-10-09 00:00:00",,1
200,100,"Vendor Compliance Policy","Generated Compliance Finding",High,Closed,"2024-03-18 00:00:00","2024-05-09 00:00:00","2024-05-05 00:00:00",0
201,101,"Vendor Compliance Policy","Generated Compliance Finding",High,Open,"2025-12-01 00:00:00","2026-01-23 00:00:00",,1
202,101,"Vendor Compliance Policy","Generated Compliance Finding",Medium,Closed,"2025-06-29 00:00:00","2025-08-10 00:00:00","2025-08-04 00:00:00",0
203,102,"Vendor Compliance Policy","Generated Compliance Finding",High,"In Progress","2024-01-13 00:00:00","2024-02-23 00:00:00",,1
204,102,"Data Retention Policy","Generated Compliance Finding",Medium,"In Progress","2025-01-05 00:00:00","2025-03-01 00:00:00",,1
205,103,"Anti-Bribery Policy","Generated Compliance Finding",Medium,Closed,"2024-06-29 00:00:00","2024-08-16 00:00:00","2024-08-11 00:00:00",0
206,103,"Access Control Policy","Generated Compliance Finding",Medium,"In Progress","2025-03-22 00:00:00","2025-05-13 00:00:00",,1
207,104,"Data Retention Policy","Generated Compliance Finding",High,"In Progress","2024-03-29 00:00:00","2024-04-30 00:00:00",,1
208,104,"Access Control Policy","Generated Compliance Finding",Critical,Closed,"2025-08-06 00:00:00","2025-09-29 00:00:00","2025-09-22 00:00:00",0
209,105,"Anti-Bribery Policy","Generated Compliance Finding",Low,Open,"2025-05-21 00:00:00","2025-06-25 00:00:00",,1
210,105,"Access Control Policy","Generated Compliance Finding",Medium,"In Progress","2024-12-29 00:00:00","2025-01-29 00:00:00",,1
211,106,"Vendor Compliance Policy","Generated Compliance Finding",High,Closed,"2025-07-23 00:00:00","2025-08-07 00:00:00","2025-08-03 00:00:00",0
212,106,"Anti-Bribery Policy","Generated Compliance Finding",Medium,Closed,"2025-02-20 00:00:00","2025-04-07 00:00:00","2025-04-03 00:00:00",0
213,107,"Access Control Policy","Generated Compliance Finding",High,Open,"2025-04-03 00:00:00","2025-04-19 00:00:00",,1
214,107,"Access Control Policy","Generated Compliance Finding",Medium,Open,"2025-02-18 00:00:00","2025-04-18 00:00:00",,1
215,108,"Anti-Bribery Policy","Generated Compliance Finding",High,Closed,"2025-04-29 00:00:00","2025-06-18 00:00:00","2025-06-12 00:00:00",0
216,108,"Access Control Policy","Generated Compliance Finding",Critical,"In Progress","2024-12-26 00:00:00","2025-02-23 00:00:00",,1
217,109,"Data Retention Policy","Generated Compliance Finding",Medium,Open,"2024-09-14 00:00:00","2024-10-13 00:00:00",,1
218,109,"Data Retention Policy","Generated Compliance Finding",Medium,Closed,"2024-05-02 00:00:00","2024-06-20 00:00:00","2024-06-17 00:00:00",0
219,110,"Access Control Policy","Generated Compliance Finding",Medium,Closed,"2025-05-10 00:00:00","2025-06-11 00:00:00","2025-06-01 00:00:00",0
220,110,"Access Control Policy","Generated Compliance Finding",Low,Open,"2024-07-17 00:00:00","2024-08-19 00:00:00",,1
221,111,"Data Retention Policy","Generated Compliance Finding",Medium,Closed,"2024-11-05 00:00:00","2024-11-20 00:00:00","2024-11-11 00:00:00",0
222,111,"Data Retention Policy","Generated Compliance Finding",Medium,Closed,"2024-02-16 00:00:00","2024-03-05 00:00:00","2024-02-29 00:00:00",0
223,112,"Anti-Bribery Policy","Generated Compliance Finding",High,Closed,"2024-04-15 00:00:00","2024-04-30 00:00:00","2024-04-25 00:00:00",0
224,112,"Access Control Policy","Generated Compliance Finding",High,Open,"2024-12-14 00:00:00","2025-01-09 00:00:00",,1
225,113,"Anti-Bribery Policy","Generated Compliance Finding",Critical,"In Progress","2024-04-26 00:00:00","2024-05-15 00:00:00",,1
226,113,"Data Retention Policy","Generated Compliance Finding",Low,Closed,"2025-08-13 00:00:00","2025-10-07 00:00:00","2025-10-06 00:00:00",0
227,114,"Data Retention Policy","Generated Compliance Finding",Low,Open,"2025-07-30 00:00:00","2025-09-02 00:00:00",,1
228,114,"Data Retention Policy","Generated Compliance Finding",Low,Closed,"2025-07-25 00:00:00","2025-09-04 00:00:00","2025-08-25 00:00:00",0
229,115,"Anti-Bribery Policy","Generated Compliance Finding",Critical,"In Progress","2025-04-06 00:00:00","2025-05-19 00:00:00",,1
230,115,"Vendor Compliance Policy","Generated Compliance Finding",Medium,Open,"2025-08-05 00:00:00","2025-09-28 00:00:00",,1
231,116,"Vendor Compliance Policy","Generated Compliance Finding",High,"In Progress","2025-10-02 00:00:00","2025-10-30 00:00:00",,1
232,116,"Data Retention Policy","Generated Compliance Finding",Medium,Closed,"2024-09-02 00:00:00","2024-09-28 00:00:00","2024-09-26 00:00:00",0
233,117,"Anti-Bribery Policy","Generated Compliance Finding",Low,Closed,"2025-02-22 00:00:00","2025-04-06 00:00:00","2025-03-27 00:00:00",0
234,117,"Access Control Policy","Generated Compliance Finding",Medium,"In Progress","2024-02-03 00:00:00","2024-03-03 00:00:00",,1
235,118,"Access Control Policy","Generated Compliance Finding",High,Open,"2024-03-13 00:00:00","2024-05-10 00:00:00",,1
236,118,"Data Retention Policy","Generated Compliance Finding",High,Closed,"2025-03-11 00:00:00","2025-04-02 00:00:00","2025-03-29 00:00:00",0
237,119,"Data Retention Policy","Generated Compliance Finding",Medium,Open,"2024-05-25 00:00:00","2024-06-13 00:00:00",,1
238,119,"Anti-Bribery Policy","Generated Compliance Finding",Critical,"In Progress","2025-09-01 00:00:00","2025-10-22 00:00:00",,1
239,120,"Anti-Bribery Policy","Generated Compliance Finding",Low,"In Progress","2025-04-24 00:00:00","2025-06-22 00:00:00",,1
240,120,"Anti-Bribery Policy","Generated Compliance Finding",Medium,"In Progress","2025-05-27 00:00:00","2025-07-15 00:00:00",,1
241,121,"Access Control Policy","Generated Compliance Finding",Low,"In Progress","2025-09-04 00:00:00","2025-09-21 00:00:00",,1
242,121,"Vendor Compliance Policy","Generated Compliance Finding",High,Open,"2024-01-27 00:00:00","2024-02-16 00:00:00",,1
243,122,"Anti-Bribery Policy","Generated Compliance Finding",Critical,Open,"2025-08-13 00:00:00","2025-08-30 00:00:00",,1
244,122,"Anti-Bribery Policy","Generated Compliance Finding",High,Closed,"2024-10-11 00:00:00","2024-11-06 00:00:00","2024-10-30 00:00:00",0
245,123,"Access Control Policy","Generated Compliance Finding",Low,"In Progress","2025-04-26 00:00:00","2025-06-02 00:00:00",,1
246,123,"Access Control Policy","Generated Compliance Finding",Medium,Open,"2025-11-17 00:00:00","2025-12-08 00:00:00",,1
247,124,"Anti-Bribery Policy","Generated Compliance Finding",Medium,"In Progress","2025-12-11 00:00:00","2026-01-26 00:00:00",,1
248,124,"Access Control Policy","Generated Compliance Finding",High,"In Progress","2025-04-10 00:00:00","2025-04-30 00:00:00",,1
249,125,"Anti-Bribery Policy","Generated Compliance Finding",Medium,Closed,"2024-04-28 00:00:00","2024-06-07 00:00:00","2024-06-06 00:00:00",0
250,125,"Anti-Bribery Policy","Generated Compliance Finding",Medium,Closed,"2024-02-25 00:00:00","2024-03-23 00:00:00","2024-03-17 00:00:00",0
251,126,"Data Retention Policy","Generated Compliance Finding",High,"In Progress","2024-02-22 00:00:00","2024-03-21 00:00:00",,1
252,126,"Vendor Compliance Policy","Generated Compliance Finding",Medium,"In Progress","2025-03-24 00:00:00","2025-05-22 00:00:00",,1
253,127,"Data Retention Policy","Generated Compliance Finding",Low,Open,"2025-10-07 00:00:00","2025-11-29 00:00:00",,1
254,127,"Vendor Compliance Policy","Generated Compliance Finding",Medium,Closed,"2025-07-18 00:00:00","2025-08-02 00:00:00","2025-07-26 00:00:00",0
255,128,"Data Retention Policy","Generated Compliance Finding",Medium,Open,"2024-04-26 00:00:00","2024-06-09 00:00:00",,1
256,128,"Anti-Bribery Policy","Generated Compliance Finding",High,"In Progress","2025-06-05 00:00:00","2025-08-04 00:00:00",,1
257,129,"Data Retention Policy","Generated Compliance Finding",Critical,"In Progress","2025-04-28 00:00:00","2025-05-28 00:00:00",,1
258,129,"Vendor Compliance Policy","Generated Compliance Finding",Medium,Closed,"2024-07-14 00:00:00","2024-09-05 00:00:00","2024-09-02 00:00:00",0
259,130,"Vendor Compliance Policy","Generated Compliance Finding",Medium,Closed,"2025-02-28 00:00:00","2025-04-05 00:00:00","2025-03-31 00:00:00",0
260,130,"Data Retention Policy","Generated Compliance Finding",Medium,Closed,"2024-11-01 00:00:00","2024-12-23 00:00:00","2024-12-15 00:00:00",0
261,131,"Access Control Policy","Generated Compliance Finding",Medium,"In Progress","2025-07-05 00:00:00","2025-08-19 00:00:00",,1
262,131,"Data Retention Policy","Generated Compliance Finding",High,Open,"2025-04-11 00:00:00","2025-05-16 00:00:00",,1
263,132,"Access Control Policy","Generated Compliance Finding",High,Open,"2024-08-27 00:00:00","2024-10-07 00:00:00",,1
264,132,"Data Retention Policy","Generated Compliance Finding",Critical,"In Progress","2025-12-23 00:00:00","2026-01-31 00:00:00",,1
265,133,"Vendor Compliance Policy","Generated Compliance Finding",Medium,Closed,"2024-05-09 00:00:00","2024-06-25 00:00:00","2024-06-19 00:00:00",0
266,133,"Vendor Compliance Policy","Generated Compliance Finding",Critical,"In Progress","2024-04-12 00:00:00","2024-05-30 00:00:00",,1
267,134,"Vendor Compliance Policy","Generated Compliance Finding",High,Open,"2025-02-23 00:00:00","2025-04-20 00:00:00",,1
268,134,"Vendor Compliance Policy","Generated Compliance Finding",High,Closed,"2024-12-12 00:00:00","2025-02-04 00:00:00","2025-01-28 00:00:00",0
269,135,"Access Control Policy","Generated Compliance Finding",Critical,"In Progress","2025-11-21 00:00:00","2026-01-09 00:00:00",,1
270,135,"Data Retention Policy","Generated Compliance Finding",High,Closed,"2025-07-08 00:00:00","2025-07-25 00:00:00","2025-07-23 00:00:00",0
271,136,"Vendor Compliance Policy","Generated Compliance Finding",High,"In Progress","2024-08-20 00:00:00","2024-09-09 00:00:00",,1
272,136,"Vendor Compliance Policy","Generated Compliance Finding",High,Closed,"2025-03-30 00:00:00","2025-04-24 00:00:00","2025-04-19 00:00:00",0
273,137,"Access Control Policy","Generated Compliance Finding",Low,"In Progress","2024-11-28 00:00:00","2024-12-16 00:00:00",,1
274,137,"Anti-Bribery Policy","Generated Compliance Finding",Medium,Open,"2025-03-17 00:00:00","2025-04-10 00:00:00",,1
275,138,"Anti-Bribery Policy","Generated Compliance Finding",Medium,Open,"2024-06-23 00:00:00","2024-07-19 00:00:00",,1
276,138,"Data Retention Policy","Generated Compliance Finding",Medium,Open,"2025-05-24 00:00:00","2025-07-15 00:00:00",,1
277,139,"Access Control Policy","Generated Compliance Finding",Medium,"In Progress","2025-10-15 00:00:00","2025-11-15 00:00:00",,1
278,139,"Data Retention Policy","Generated Compliance Finding",Medium,Closed,"2025-04-21 00:00:00","2025-05-24 00:00:00","2025-05-15 00:00:00",0
279,140,"Anti-Bribery Policy","Generated Compliance Finding",Low,Closed,"2025-03-28 00:00:00","2025-05-04 00:00:00","2025-04-29 00:00:00",0
280,140,"Anti-Bribery Policy","Generated Compliance Finding",High,Open,"2025-04-12 00:00:00","2025-05-16 00:00:00",,1
281,141,"Access Control Policy","Generated Compliance Finding",Critical,"In Progress","2024-04-19 00:00:00","2024-05-19 00:00:00",,1
282,141,"Anti-Bribery Policy","Generated Compliance Finding",High,Open,"2025-12-17 00:00:00","2026-01-19 00:00:00",,1
283,142,"Anti-Bribery Policy","Generated Compliance Finding",Medium,Closed,"2024-01-09 00:00:00","2024-02-29 00:00:00","2024-02-28 00:00:00",0
284,142,"Data Retention Policy","Generated Compliance Finding",Critical,"In Progress","2024-08-23 00:00:00","2024-10-15 00:00:00",,1
285,143,"Vendor Compliance Policy","Generated Compliance Finding",Medium,Closed,"2025-09-27 00:00:00","2025-10-28 00:00:00","2025-10-25 00:00:00",0
286,143,"Access Control Policy","Generated Compliance Finding",Medium,Open,"2024-11-12 00:00:00","2024-12-25 00:00:00",,1
287,144,"Anti-Bribery Policy","Generated Compliance Finding",High,"In Progress","2024-04-02 00:00:00","2024-05-05 00:00:00",,1
288,144,"Access Control Policy","Generated Compliance Finding",Medium,Closed,"2024-07-24 00:00:00","2024-08-16 00:00:00","2024-08-10 00:00:00",0
289,145,"Access Control Policy","Generated Compliance Finding",High,"In Progress","2024-09-20 00:00:00","2024-11-04 00:00:00",,1
290,145,"Data Retention Policy","Generated Compliance Finding",High,Open,"2025-04-24 00:00:00","2025-05-13 00:00:00",,1
291,146,"Anti-Bribery Policy","Generated Compliance Finding",Critical,Open,"2025-07-24 00:00:00","2025-08-31 00:00:00",,1
292,146,"Anti-Bribery Policy","Generated Compliance Finding",Low,Open,"2024-09-27 00:00:00","2024-11-15 00:00:00",,1
293,147,"Anti-Bribery Policy","Generated Compliance Finding",Medium,"In Progress","2025-11-19 00:00:00","2026-01-16 00:00:00",,1
294,147,"Anti-Bribery Policy","Generated Compliance Finding",Critical,Open,"2024-04-20 00:00:00","2024-06-17 00:00:00",,1
295,148,"Data Retention Policy","Generated Compliance Finding",Low,"In Progress","2025-09-26 00:00:00","2025-11-15 00:00:00",,1
296,148,"Anti-Bribery Policy","Generated Compliance Finding",Medium,Closed,"2025-10-12 00:00:00","2025-11-25 00:00:00","2025-11-20 00:00:00",0
297,149,"Access Control Policy","Generated Compliance Finding",Low,Open,"2024-05-23 00:00:00","2024-06-09 00:00:00",,1
298,149,"Anti-Bribery Policy","Generated Compliance Finding",Medium,Closed,"2024-04-09 00:00:00","2024-05-09 00:00:00","2024-05-06 00:00:00",0
299,150,"Anti-Bribery Policy","Generated Compliance Finding",Medium,Closed,"2025-01-14 00:00:00","2025-03-12 00:00:00","2025-03-03 00:00:00",0
300,150,"Anti-Bribery Policy","Generated Compliance Finding",Medium,Open,"2025-02-28 00:00:00","2025-04-25 00:00:00",,1
301,151,"Access Control Policy","Generated Compliance Finding",Critical,Closed,"2025-02-25 00:00:00","2025-04-22 18:30:00","2025-04-18 18:30:00",0
302,151,"Vendor Compliance Policy","Generated Compliance Finding",Medium,"In Progress","2025-12-19 00:00:00","2026-01-08 18:30:00",,1
303,152,"Access Control Policy","Generated Compliance Finding",Critical,"In Progress","2024-08-15 00:00:00","2024-09-10 18:30:00",,1
304,152,"Data Retention Policy","Generated Compliance Finding",Medium,Open,"2024-08-21 00:00:00","2024-09-18 18:30:00",,1
305,153,"Access Control Policy","Generated Compliance Finding",Medium,Open,"2024-12-02 00:00:00","2025-01-02 18:30:00",,1
306,153,"Access Control Policy","Generated Compliance Finding",Medium,"In Progress","2025-10-18 00:00:00","2025-12-03 18:30:00",,1
307,154,"Access Control Policy","Generated Compliance Finding",Low,Open,"2024-04-28 00:00:00","2024-05-28 18:30:00",,1
308,154,"Access Control Policy","Generated Compliance Finding",Low,"In Progress","2024-04-21 00:00:00","2024-06-12 18:30:00",,1
309,155,"Anti-Bribery Policy","Generated Compliance Finding",Critical,Closed,"2025-03-22 00:00:00","2025-05-13 18:30:00","2025-05-11 18:30:00",0
310,155,"Vendor Compliance Policy","Generated Compliance Finding",Medium,Closed,"2024-09-17 00:00:00","2024-10-03 18:30:00","2024-09-26 18:30:00",0
311,156,"Access Control Policy","Generated Compliance Finding",Medium,Open,"2025-01-07 00:00:00","2025-02-17 18:30:00",,1
312,156,"Access Control Policy","Generated Compliance Finding",High,Closed,"2025-11-10 00:00:00","2025-12-01 18:30:00","2025-11-26 18:30:00",0
313,157,"Data Retention Policy","Generated Compliance Finding",High,Closed,"2024-11-30 00:00:00","2025-01-08 18:30:00","2025-01-03 18:30:00",0
314,157,"Data Retention Policy","Generated Compliance Finding",Medium,"In Progress","2025-03-06 00:00:00","2025-05-01 18:30:00",,1
315,158,"Access Control Policy","Generated Compliance Finding",High,Open,"2025-02-19 00:00:00","2025-04-09 18:30:00",,1
316,158,"Access Control Policy","Generated Compliance Finding",Medium,Closed,"2024-08-03 00:00:00","2024-09-13 18:30:00","2024-09-03 18:30:00",0
317,159,"Anti-Bribery Policy","Generated Compliance Finding",Medium,Closed,"2025-03-28 00:00:00","2025-05-09 18:30:00","2025-05-05 18:30:00",0
318,159,"Access Control Policy","Generated Compliance Finding",High,"In Progress","2025-11-05 00:00:00","2025-11-24 18:30:00",,1
319,160,"Data Retention Policy","Generated Compliance Finding",Low,"In Progress","2024-08-28 00:00:00","2024-10-24 18:30:00",,1
320,160,"Data Retention Policy","Generated Compliance Finding",High,Open,"2024-05-30 00:00:00","2024-06-14 18:30:00",,1
321,161,"Data Retention Policy","Generated Compliance Finding",Medium,Closed,"2025-04-11 00:00:00","2025-05-21 18:30:00","2025-05-11 18:30:00",0
322,161,"Data Retention Policy","Generated Compliance Finding",Critical,Open,"2025-05-21 00:00:00","2025-06-29 18:30:00",,1
323,162,"Data Retention Policy","Generated Compliance Finding",Medium,Open,"2024-04-19 00:00:00","2024-05-30 18:30:00",,1
324,162,"Vendor Compliance Policy","Generated Compliance Finding",Critical,Open,"2024-02-21 00:00:00","2024-04-10 18:30:00",,1
325,163,"Access Control Policy","Generated Compliance Finding",Medium,Closed,"2024-05-16 00:00:00","2024-06-28 18:30:00","2024-06-19 18:30:00",0
326,163,"Anti-Bribery Policy","Generated Compliance Finding",Critical,"In Progress","2025-09-19 00:00:00","2025-11-04 18:30:00",,1
327,164,"Data Retention Policy","Generated Compliance Finding",Medium,"In Progress","2025-05-01 00:00:00","2025-06-12 18:30:00",,1
328,164,"Access Control Policy","Generated Compliance Finding",Critical,Closed,"2025-06-17 00:00:00","2025-08-01 18:30:00","2025-07-28 18:30:00",0
329,165,"Data Retention Policy","Generated Compliance Finding",Medium,"In Progress","2024-03-20 00:00:00","2024-05-18 18:30:00",,1
330,165,"Data Retention Policy","Generated Compliance Finding",Medium,Closed,"2024-12-09 00:00:00","2025-01-12 18:30:00","2025-01-10 18:30:00",0
331,166,"Data Retention Policy","Generated Compliance Finding",Low,Closed,"2024-08-24 00:00:00","2024-10-01 18:30:00","2024-09-28 18:30:00",0
332,166,"Anti-Bribery Policy","Generated Compliance Finding",Low,"In Progress","2025-02-28 00:00:00","2025-04-09 18:30:00",,1
333,167,"Anti-Bribery Policy","Generated Compliance Finding",Medium,"In Progress","2024-03-04 00:00:00","2024-03-31 18:30:00",,1
334,167,"Vendor Compliance Policy","Generated Compliance Finding",High,"In Progress","2025-08-12 00:00:00","2025-09-19 18:30:00",,1
335,168,"Data Retention Policy","Generated Compliance Finding",Medium,"In Progress","2024-11-01 00:00:00","2024-12-09 18:30:00",,1
336,168,"Vendor Compliance Policy","Generated Compliance Finding",Medium,"In Progress","2024-10-06 00:00:00","2024-11-16 18:30:00",,1
337,169,"Data Retention Policy","Generated Compliance Finding",Medium,Closed,"2024-12-10 00:00:00","2025-02-04 18:30:00","2025-01-28 18:30:00",0
338,169,"Anti-Bribery Policy","Generated Compliance Finding",Critical,Closed,"2024-05-10 00:00:00","2024-07-02 18:30:00","2024-07-01 18:30:00",0
339,170,"Data Retention Policy","Generated Compliance Finding",Medium,"In Progress","2024-03-26 00:00:00","2024-05-20 18:30:00",,1
340,170,"Anti-Bribery Policy","Generated Compliance Finding",Critical,"In Progress","2024-07-05 00:00:00","2024-07-22 18:30:00",,1
341,171,"Access Control Policy","Generated Compliance Finding",Medium,"In Progress","2024-08-04 00:00:00","2024-09-16 18:30:00",,1
342,171,"Vendor Compliance Policy","Generated Compliance Finding",Critical,"In Progress","2024-10-11 00:00:00","2024-11-20 18:30:00",,1
343,172,"Data Retention Policy","Generated Compliance Finding",Medium,"In Progress","2025-07-06 00:00:00","2025-07-23 18:30:00",,1
344,172,"Data Retention Policy","Generated Compliance Finding",Medium,Open,"2025-10-29 00:00:00","2025-11-14 18:30:00",,1
345,173,"Data Retention Policy","Generated Compliance Finding",Medium,Open,"2024-01-21 00:00:00","2024-03-14 18:30:00",,1
346,173,"Data Retention Policy","Generated Compliance Finding",Low,Open,"2025-04-29 00:00:00","2025-06-24 18:30:00",,1
347,174,"Data Retention Policy","Generated Compliance Finding",Medium,"In Progress","2025-12-17 00:00:00","2026-01-16 18:30:00",,1
348,174,"Vendor Compliance Policy","Generated Compliance Finding",Medium,Open,"2024-06-16 00:00:00","2024-07-19 18:30:00",,1
349,175,"Anti-Bribery Policy","Generated Compliance Finding",Medium,"In Progress","2025-08-12 00:00:00","2025-10-08 18:30:00",,1
350,175,"Vendor Compliance Policy","Generated Compliance Finding",High,Closed,"2024-03-18 00:00:00","2024-05-08 18:30:00","2024-05-04 18:30:00",0
351,176,"Vendor Compliance Policy","Generated Compliance Finding",High,Open,"2025-12-01 00:00:00","2026-01-22 18:30:00",,1
352,176,"Vendor Compliance Policy","Generated Compliance Finding",Medium,Closed,"2025-06-29 00:00:00","2025-08-09 18:30:00","2025-08-03 18:30:00",0
353,177,"Vendor Compliance Policy","Generated Compliance Finding",High,"In Progress","2024-01-13 00:00:00","2024-02-22 18:30:00",,1
354,177,"Data Retention Policy","Generated Compliance Finding",Medium,"In Progress","2025-01-05 00:00:00","2025-02-28 18:30:00",,1
355,178,"Anti-Bribery Policy","Generated Compliance Finding",Medium,Closed,"2024-06-29 00:00:00","2024-08-15 18:30:00","2024-08-10 18:30:00",0
356,178,"Access Control Policy","Generated Compliance Finding",Medium,"In Progress","2025-03-22 00:00:00","2025-05-12 18:30:00",,1
357,179,"Data Retention Policy","Generated Compliance Finding",High,"In Progress","2024-03-29 00:00:00","2024-04-29 18:30:00",,1
358,179,"Access Control Policy","Generated Compliance Finding",Critical,Closed,"2025-08-06 00:00:00","2025-09-28 18:30:00","2025-09-21 18:30:00",0
359,180,"Anti-Bribery Policy","Generated Compliance Finding",Low,Open,"2025-05-21 00:00:00","2025-06-24 18:30:00",,1
360,180,"Access Control Policy","Generated Compliance Finding",Medium,"In Progress","2024-12-29 00:00:00","2025-01-28 18:30:00",,1
361,181,"Vendor Compliance Policy","Generated Compliance Finding",High,Closed,"2025-07-23 00:00:00","2025-08-06 18:30:00","2025-08-02 18:30:00",0
362,181,"Anti-Bribery Policy","Generated Compliance Finding",Medium,Closed,"2025-02-20 00:00:00","2025-04-06 18:30:00","2025-04-02 18:30:00",0
363,182,"Access Control Policy","Generated Compliance Finding",High,Open,"2025-04-03 00:00:00","2025-04-18 18:30:00",,1
364,182,"Access Control Policy","Generated Compliance Finding",Medium,Open,"2025-02-18 00:00:00","2025-04-17 18:30:00",,1
365,183,"Anti-Bribery Policy","Generated Compliance Finding",High,Closed,"2025-04-29 00:00:00","2025-06-17 18:30:00","2025-06-11 18:30:00",0
366,183,"Access Control Policy","Generated Compliance Finding",Critical,"In Progress","2024-12-26 00:00:00","2025-02-22 18:30:00",,1
367,184,"Data Retention Policy","Generated Compliance Finding",Medium,Open,"2024-09-14 00:00:00","2024-10-12 18:30:00",,1
368,184,"Data Retention Policy","Generated Compliance Finding",Medium,Closed,"2024-05-02 00:00:00","2024-06-19 18:30:00","2024-06-16 18:30:00",0
369,185,"Access Control Policy","Generated Compliance Finding",Medium,Closed,"2025-05-10 00:00:00","2025-06-10 18:30:00","2025-05-31 18:30:00",0
370,185,"Access Control Policy","Generated Compliance Finding",Low,Open,"2024-07-17 00:00:00","2024-08-18 18:30:00",,1
371,186,"Data Retention Policy","Generated Compliance Finding",Medium,Closed,"2024-11-05 00:00:00","2024-11-19 18:30:00","2024-11-10 18:30:00",0
372,186,"Data Retention Policy","Generated Compliance Finding",Medium,Closed,"2024-02-16 00:00:00","2024-03-04 18:30:00","2024-02-28 18:30:00",0
373,187,"Anti-Bribery Policy","Generated Compliance Finding",High,Closed,"2024-04-15 00:00:00","2024-04-29 18:30:00","2024-04-24 18:30:00",0
374,187,"Access Control Policy","Generated Compliance Finding",High,Open,"2024-12-14 00:00:00","2025-01-08 18:30:00",,1
375,188,"Anti-Bribery Policy","Generated Compliance Finding",Critical,"In Progress","2024-04-26 00:00:00","2024-05-14 18:30:00",,1
376,188,"Data Retention Policy","Generated Compliance Finding",Low,Closed,"2025-08-13 00:00:00","2025-10-06 18:30:00","2025-10-05 18:30:00",0
377,189,"Data Retention Policy","Generated Compliance Finding",Low,Open,"2025-07-30 00:00:00","2025-09-01 18:30:00",,1
378,189,"Data Retention Policy","Generated Compliance Finding",Low,Closed,"2025-07-25 00:00:00","2025-09-03 18:30:00","2025-08-24 18:30:00",0
379,190,"Anti-Bribery Policy","Generated Compliance Finding",Critical,"In Progress","2025-04-06 00:00:00","2025-05-18 18:30:00",,1
380,190,"Vendor Compliance Policy","Generated Compliance Finding",Medium,Open,"2025-08-05 00:00:00","2025-09-27 18:30:00",,1
381,191,"Vendor Compliance Policy","Generated Compliance Finding",High,"In Progress","2025-10-02 00:00:00","2025-10-29 18:30:00",,1
382,191,"Data Retention Policy","Generated Compliance Finding",Medium,Closed,"2024-09-02 00:00:00","2024-09-27 18:30:00","2024-09-25 18:30:00",0
383,192,"Anti-Bribery Policy","Generated Compliance Finding",Low,Closed,"2025-02-22 00:00:00","2025-04-05 18:30:00","2025-03-26 18:30:00",0
384,192,"Access Control Policy","Generated Compliance Finding",Medium,"In Progress","2024-02-03 00:00:00","2024-03-02 18:30:00",,1
385,193,"Access Control Policy","Generated Compliance Finding",High,Open,"2024-03-13 00:00:00","2024-05-09 18:30:00",,1
386,193,"Data Retention Policy","Generated Compliance Finding",High,Closed,"2025-03-11 00:00:00","2025-04-01 18:30:00","2025-03-28 18:30:00",0
387,194,"Data Retention Policy","Generated Compliance Finding",Medium,Open,"2024-05-25 00:00:00","2024-06-12 18:30:00",,1
388,194,"Anti-Bribery Policy","Generated Compliance Finding",Critical,"In Progress","2025-09-01 00:00:00","2025-10-21 18:30:00",,1
389,195,"Anti-Bribery Policy","Generated Compliance Finding",Low,"In Progress","2025-04-24 00:00:00","2025-06-21 18:30:00",,1
390,195,"Anti-Bribery Policy","Generated Compliance Finding",Medium,"In Progress","2025-05-27 00:00:00","2025-07-14 18:30:00",,1
391,196,"Access Control Policy","Generated Compliance Finding",Low,"In Progress","2025-09-04 00:00:00","2025-09-20 18:30:00",,1
392,196,"Vendor Compliance Policy","Generated Compliance Finding",High,Open,"2024-01-27 00:00:00","2024-02-15 18:30:00",,1
393,197,"Anti-Bribery Policy","Generated Compliance Finding",Critical,Open,"2025-08-13 00:00:00","2025-08-29 18:30:00",,1
394,197,"Anti-Bribery Policy","Generated Compliance Finding",High,Closed,"2024-10-11 00:00:00","2024-11-05 18:30:00","2024-10-29 18:30:00",0
395,198,"Access Control Policy","Generated Compliance Finding",Low,"In Progress","2025-04-26 00:00:00","2025-06-01 18:30:00",,1
396,198,"Access Control Policy","Generated Compliance Finding",Medium,Open,"2025-11-17 00:00:00","2025-12-07 18:30:00",,1
397,199,"Anti-Bribery Policy","Generated Compliance Finding",Medium,"In Progress","2025-12-11 00:00:00","2026-01-25 18:30:00",,1
398,199,"Access Control Policy","Generated Compliance Finding",High,"In Progress","2025-04-10 00:00:00","2025-04-29 18:30:00",,1
399,200,"Anti-Bribery Policy","Generated Compliance Finding",Medium,Closed,"2024-04-28 00:00:00","2024-06-06 18:30:00","2024-06-05 18:30:00",0
400,200,"Anti-Bribery Policy","Generated Compliance Finding",Medium,Closed,"2024-02-25 00:00:00","2024-03-22 18:30:00","2024-03-16 18:30:00",0
401,201,"Data Retention Policy","Generated Compliance Finding",High,"In Progress","2024-02-22 00:00:00","2024-03-20 18:30:00",,1
402,201,"Vendor Compliance Policy","Generated Compliance Finding",Medium,"In Progress","2025-03-24 00:00:00","2025-05-21 18:30:00",,1
403,202,"Data Retention Policy","Generated Compliance Finding",Low,Open,"2025-10-07 00:00:00","2025-11-28 18:30:00",,1
404,202,"Vendor Compliance Policy","Generated Compliance Finding",Medium,Closed,"2025-07-18 00:00:00","2025-08-01 18:30:00","2025-07-25 18:30:00",0
405,203,"Data Retention Policy","Generated Compliance Finding",Medium,Open,"2024-04-26 00:00:00","2024-06-08 18:30:00",,1
406,203,"Anti-Bribery Policy","Generated Compliance Finding",High,"In Progress","2025-06-05 00:00:00","2025-08-03 18:30:00",,1
407,204,"Data Retention Policy","Generated Compliance Finding",Critical,"In Progress","2025-04-28 00:00:00","2025-05-27 18:30:00",,1
408,204,"Vendor Compliance Policy","Generated Compliance Finding",Medium,Closed,"2024-07-14 00:00:00","2024-09-04 18:30:00","2024-09-01 18:30:00",0
409,205,"Vendor Compliance Policy","Generated Compliance Finding",Medium,Closed,"2025-02-28 00:00:00","2025-04-04 18:30:00","2025-03-30 18:30:00",0
410,205,"Data Retention Policy","Generated Compliance Finding",Medium,Closed,"2024-11-01 00:00:00","2024-12-22 18:30:00","2024-12-14 18:30:00",0
411,206,"Access Control Policy","Generated Compliance Finding",Medium,"In Progress","2025-07-05 00:00:00","2025-08-18 18:30:00",,1
412,206,"Data Retention Policy","Generated Compliance Finding",High,Open,"2025-04-11 00:00:00","2025-05-15 18:30:00",,1
413,207,"Access Control Policy","Generated Compliance Finding",High,Open,"2024-08-27 00:00:00","2024-10-06 18:30:00",,1
414,207,"Data Retention Policy","Generated Compliance Finding",Critical,"In Progress","2025-12-23 00:00:00","2026-01-30 18:30:00",,1
415,208,"Vendor Compliance Policy","Generated Compliance Finding",Medium,Closed,"2024-05-09 00:00:00","2024-06-24 18:30:00","2024-06-18 18:30:00",0
416,208,"Vendor Compliance Policy","Generated Compliance Finding",Critical,"In Progress","2024-04-12 00:00:00","2024-05-29 18:30:00",,1
417,209,"Vendor Compliance Policy","Generated Compliance Finding",High,Open,"2025-02-23 00:00:00","2025-04-19 18:30:00",,1
418,209,"Vendor Compliance Policy","Generated Compliance Finding",High,Closed,"2024-12-12 00:00:00","2025-02-03 18:30:00","2025-01-27 18:30:00",0
419,210,"Access Control Policy","Generated Compliance Finding",Critical,"In Progress","2025-11-21 00:00:00","2026-01-08 18:30:00",,1
420,210,"Data Retention Policy","Generated Compliance Finding",High,Closed,"2025-07-08 00:00:00","2025-07-24 18:30:00","2025-07-22 18:30:00",0
421,211,"Vendor Compliance Policy","Generated Compliance Finding",High,"In Progress","2024-08-20 00:00:00","2024-09-08 18:30:00",,1
422,211,"Vendor Compliance Policy","Generated Compliance Finding",High,Closed,"2025-03-30 00:00:00","2025-04-23 18:30:00","2025-04-18 18:30:00",0
423,212,"Access Control Policy","Generated Compliance Finding",Low,"In Progress","2024-11-28 00:00:00","2024-12-15 18:30:00",,1
424,212,"Anti-Bribery Policy","Generated Compliance Finding",Medium,Open,"2025-03-17 00:00:00","2025-04-09 18:30:00",,1
425,213,"Anti-Bribery Policy","Generated Compliance Finding",Medium,Open,"2024-06-23 00:00:00","2024-07-18 18:30:00",,1
426,213,"Data Retention Policy","Generated Compliance Finding",Medium,Open,"2025-05-24 00:00:00","2025-07-14 18:30:00",,1
427,214,"Access Control Policy","Generated Compliance Finding",Medium,"In Progress","2025-10-15 00:00:00","2025-11-14 18:30:00",,1
428,214,"Data Retention Policy","Generated Compliance Finding",Medium,Closed,"2025-04-21 00:00:00","2025-05-23 18:30:00","2025-05-14 18:30:00",0
429,215,"Anti-Bribery Policy","Generated Compliance Finding",Low,Closed,"2025-03-28 00:00:00","2025-05-03 18:30:00","2025-04-28 18:30:00",0
430,215,"Anti-Bribery Policy","Generated Compliance Finding",High,Open,"2025-04-12 00:00:00","2025-05-15 18:30:00",,1
431,216,"Access Control Policy","Generated Compliance Finding",Critical,"In Progress","2024-04-19 00:00:00","2024-05-18 18:30:00",,1
432,216,"Anti-Bribery Policy","Generated Compliance Finding",High,Open,"2025-12-17 00:00:00","2026-01-18 18:30:00",,1
433,217,"Anti-Bribery Policy","Generated Compliance Finding",Medium,Closed,"2024-01-09 00:00:00","2024-02-28 18:30:00","2024-02-27 18:30:00",0
434,217,"Data Retention Policy","Generated Compliance Finding",Critical,"In Progress","2024-08-23 00:00:00","2024-10-14 18:30:00",,1
435,218,"Vendor Compliance Policy","Generated Compliance Finding",Medium,Closed,"2025-09-27 00:00:00","2025-10-27 18:30:00","2025-10-24 18:30:00",0
436,218,"Access Control Policy","Generated Compliance Finding",Medium,Open,"2024-11-12 00:00:00","2024-12-24 18:30:00",,1
437,219,"Anti-Bribery Policy","Generated Compliance Finding",High,"In Progress","2024-04-02 00:00:00","2024-05-04 18:30:00",,1
438,219,"Access Control Policy","Generated Compliance Finding",Medium,Closed,"2024-07-24 00:00:00","2024-08-15 18:30:00","2024-08-09 18:30:00",0
439,220,"Access Control Policy","Generated Compliance Finding",High,"In Progress","2024-09-20 00:00:00","2024-11-03 18:30:00",,1
440,220,"Data Retention Policy","Generated Compliance Finding",High,Open,"2025-04-24 00:00:00","2025-05-12 18:30:00",,1
441,221,"Anti-Bribery Policy","Generated Compliance Finding",Critical,Open,"2025-07-24 00:00:00","2025-08-30 18:30:00",,1
442,221,"Anti-Bribery Policy","Generated Compliance Finding",Low,Open,"2024-09-27 00:00:00","2024-11-14 18:30:00",,1
443,222,"Anti-Bribery Policy","Generated Compliance Finding",Medium,"In Progress","2025-11-19 00:00:00","2026-01-15 18:30:00",,1
444,222,"Anti-Bribery Policy","Generated Compliance Finding",Critical,Open,"2024-04-20 00:00:00","2024-06-16 18:30:00",,1
445,223,"Data Retention Policy","Generated Compliance Finding",Low,"In Progress","2025-09-26 00:00:00","2025-11-14 18:30:00",,1
446,223,"Anti-Bribery Policy","Generated Compliance Finding",Medium,Closed,"2025-10-12 00:00:00","2025-11-24 18:30:00","2025-11-19 18:30:00",0
447,224,"Access Control Policy","Generated Compliance Finding",Low,Open,"2024-05-23 00:00:00","2024-06-08 18:30:00",,1
448,224,"Anti-Bribery Policy","Generated Compliance Finding",Medium,Closed,"2024-04-09 00:00:00","2024-05-08 18:30:00","2024-05-05 18:30:00",0
449,225,"Anti-Bribery Policy","Generated Compliance Finding",Medium,Closed,"2025-01-14 00:00:00","2025-03-11 18:30:00","2025-03-02 18:30:00",0
450,225,"Anti-Bribery Policy","Generated Compliance Finding",Medium,Open,"2025-02-28 00:00:00","2025-04-24 18:30:00",,1
451,226,"Access Control Policy","Generated Compliance Finding",Critical,Closed,"2025-02-25 00:00:00","2025-04-22 18:30:00","2025-04-18 18:30:00",0
452,226,"Vendor Compliance Policy","Generated Compliance Finding",Medium,"In Progress","2025-12-19 00:00:00","2026-01-08 18:30:00",,1
453,227,"Access Control Policy","Generated Compliance Finding",Critical,"In Progress","2024-08-15 00:00:00","2024-09-10 18:30:00",,1
454,227,"Data Retention Policy","Generated Compliance Finding",Medium,Open,"2024-08-21 00:00:00","2024-09-18 18:30:00",,1
455,228,"Access Control Policy","Generated Compliance Finding",Medium,Open,"2024-12-02 00:00:00","2025-01-02 18:30:00",,1
456,228,"Access Control Policy","Generated Compliance Finding",Medium,"In Progress","2025-10-18 00:00:00","2025-12-03 18:30:00",,1
457,229,"Access Control Policy","Generated Compliance Finding",Low,Open,"2024-04-28 00:00:00","2024-05-28 18:30:00",,1
458,229,"Access Control Policy","Generated Compliance Finding",Low,"In Progress","2024-04-21 00:00:00","2024-06-12 18:30:00",,1
459,230,"Anti-Bribery Policy","Generated Compliance Finding",Critical,Closed,"2025-03-22 00:00:00","2025-05-13 18:30:00","2025-05-11 18:30:00",0
460,230,"Vendor Compliance Policy","Generated Compliance Finding",Medium,Closed,"2024-09-17 00:00:00","2024-10-03 18:30:00","2024-09-26 18:30:00",0
461,231,"Access Control Policy","Generated Compliance Finding",Medium,Open,"2025-01-07 00:00:00","2025-02-17 18:30:00",,1
462,231,"Access Control Policy","Generated Compliance Finding",High,Closed,"2025-11-10 00:00:00","2025-12-01 18:30:00","2025-11-26 18:30:00",0
463,232,"Data Retention Policy","Generated Compliance Finding",High,Closed,"2024-11-30 00:00:00","2025-01-08 18:30:00","2025-01-03 18:30:00",0
464,232,"Data Retention Policy","Generated Compliance Finding",Medium,"In Progress","2025-03-06 00:00:00","2025-05-01 18:30:00",,1
465,233,"Access Control Policy","Generated Compliance Finding",High,Open,"2025-02-19 00:00:00","2025-04-09 18:30:00",,1
466,233,"Access Control Policy","Generated Compliance Finding",Medium,Closed,"2024-08-03 00:00:00","2024-09-13 18:30:00","2024-09-03 18:30:00",0
467,234,"Anti-Bribery Policy","Generated Compliance Finding",Medium,Closed,"2025-03-28 00:00:00","2025-05-09 18:30:00","2025-05-05 18:30:00",0
468,234,"Access Control Policy","Generated Compliance Finding",High,"In Progress","2025-11-05 00:00:00","2025-11-24 18:30:00",,1
469,235,"Data Retention Policy","Generated Compliance Finding",Low,"In Progress","2024-08-28 00:00:00","2024-10-24 18:30:00",,1
470,235,"Data Retention Policy","Generated Compliance Finding",High,Open,"2024-05-30 00:00:00","2024-06-14 18:30:00",,1
471,236,"Data Retention Policy","Generated Compliance Finding",Medium,Closed,"2025-04-11 00:00:00","2025-05-21 18:30:00","2025-05-11 18:30:00",0
472,236,"Data Retention Policy","Generated Compliance Finding",Critical,Open,"2025-05-21 00:00:00","2025-06-29 18:30:00",,1
473,237,"Data Retention Policy","Generated Compliance Finding",Medium,Open,"2024-04-19 00:00:00","2024-05-30 18:30:00",,1
474,237,"Vendor Compliance Policy","Generated Compliance Finding",Critical,Open,"2024-02-21 00:00:00","2024-04-10 18:30:00",,1
475,238,"Access Control Policy","Generated Compliance Finding",Medium,Closed,"2024-05-16 00:00:00","2024-06-28 18:30:00","2024-06-19 18:30:00",0
476,238,"Anti-Bribery Policy","Generated Compliance Finding",Critical,"In Progress","2025-09-19 00:00:00","2025-11-04 18:30:00",,1
477,239,"Data Retention Policy","Generated Compliance Finding",Medium,"In Progress","2025-05-01 00:00:00","2025-06-12 18:30:00",,1
478,239,"Access Control Policy","Generated Compliance Finding",Critical,Closed,"2025-06-17 00:00:00","2025-08-01 18:30:00","2025-07-28 18:30:00",0
479,240,"Data Retention Policy","Generated Compliance Finding",Medium,"In Progress","2024-03-20 00:00:00","2024-05-18 18:30:00",,1
480,240,"Data Retention Policy","Generated Compliance Finding",Medium,Closed,"2024-12-09 00:00:00","2025-01-12 18:30:00","2025-01-10 18:30:00",0
481,241,"Data Retention Policy","Generated Compliance Finding",Low,Closed,"2024-08-24 00:00:00","2024-10-01 18:30:00","2024-09-28 18:30:00",0
482,241,"Anti-Bribery Policy","Generated Compliance Finding",Low,"In Progress","2025-02-28 00:00:00","2025-04-09 18:30:00",,1
483,242,"Anti-Bribery Policy","Generated Compliance Finding",Medium,"In Progress","2024-03-04 00:00:00","2024-03-31 18:30:00",,1
484,242,"Vendor Compliance Policy","Generated Compliance Finding",High,"In Progress","2025-08-12 00:00:00","2025-09-19 18:30:00",,1
485,243,"Data Retention Policy","Generated Compliance Finding",Medium,"In Progress","2024-11-01 00:00:00","2024-12-09 18:30:00",,1
486,243,"Vendor Compliance Policy","Generated Compliance Finding",Medium,"In Progress","2024-10-06 00:00:00","2024-11-16 18:30:00",,1
487,244,"Data Retention Policy","Generated Compliance Finding",Medium,Closed,"2024-12-10 00:00:00","2025-02-04 18:30:00","2025-01-28 18:30:00",0
488,244,"Anti-Bribery Policy","Generated Compliance Finding",Critical,Closed,"2024-05-10 00:00:00","2024-07-02 18:30:00","2024-07-01 18:30:00",0
489,245,"Data Retention Policy","Generated Compliance Finding",Medium,"In Progress","2024-03-26 00:00:00","2024-05-20 18:30:00",,1
490,245,"Anti-Bribery Policy","Generated Compliance Finding",Critical,"In Progress","2024-07-05 00:00:00","2024-07-22 18:30:00",,1
491,246,"Access Control Policy","Generated Compliance Finding",Medium,"In Progress","2024-08-04 00:00:00","2024-09-16 18:30:00",,1
492,246,"Vendor Compliance Policy","Generated Compliance Finding",Critical,"In Progress","2024-10-11 00:00:00","2024-11-20 18:30:00",,1
493,247,"Data Retention Policy","Generated Compliance Finding",Medium,"In Progress","2025-07-06 00:00:00","2025-07-23 18:30:00",,1
494,247,"Data Retention Policy","Generated Compliance Finding",Medium,Open,"2025-10-29 00:00:00","2025-11-14 18:30:00",,1
495,248,"Data Retention Policy","Generated Compliance Finding",Medium,Open,"2024-01-21 00:00:00","2024-03-14 18:30:00",,1
496,248,"Data Retention Policy","Generated Compliance Finding",Low,Open,"2025-04-29 00:00:00","2025-06-24 18:30:00",,1
497,249,"Data Retention Policy","Generated Compliance Finding",Medium,"In Progress","2025-12-17 00:00:00","2026-01-16 18:30:00",,1
498,249,"Vendor Compliance Policy","Generated Compliance Finding",Medium,Open,"2024-06-16 00:00:00","2024-07-19 18:30:00",,1
499,250,"Anti-Bribery Policy","Generated Compliance Finding",Medium,"In Progress","2025-08-12 00:00:00","2025-10-08 18:30:00",,1
500,250,"Vendor Compliance Policy","Generated Compliance Finding",High,Closed,"2024-03-18 00:00:00","2024-05-08 18:30:00","2024-05-04 18:30:00",0
501,251,"Vendor Compliance Policy","Generated Compliance Finding",High,Open,"2025-12-01 00:00:00","2026-01-22 18:30:00",,1
502,251,"Vendor Compliance Policy","Generated Compliance Finding",Medium,Closed,"2025-06-29 00:00:00","2025-08-09 18:30:00","2025-08-03 18:30:00",0
503,252,"Vendor Compliance Policy","Generated Compliance Finding",High,"In Progress","2024-01-13 00:00:00","2024-02-22 18:30:00",,1
504,252,"Data Retention Policy","Generated Compliance Finding",Medium,"In Progress","2025-01-05 00:00:00","2025-02-28 18:30:00",,1
505,253,"Anti-Bribery Policy","Generated Compliance Finding",Medium,Closed,"2024-06-29 00:00:00","2024-08-15 18:30:00","2024-08-10 18:30:00",0
506,253,"Access Control Policy","Generated Compliance Finding",Medium,"In Progress","2025-03-22 00:00:00","2025-05-12 18:30:00",,1
507,254,"Data Retention Policy","Generated Compliance Finding",High,"In Progress","2024-03-29 00:00:00","2024-04-29 18:30:00",,1
508,254,"Access Control Policy","Generated Compliance Finding",Critical,Closed,"2025-08-06 00:00:00","2025-09-28 18:30:00","2025-09-21 18:30:00",0
509,255,"Anti-Bribery Policy","Generated Compliance Finding",Low,Open,"2025-05-21 00:00:00","2025-06-24 18:30:00",,1
510,255,"Access Control Policy","Generated Compliance Finding",Medium,"In Progress","2024-12-29 00:00:00","2025-01-28 18:30:00",,1
511,256,"Vendor Compliance Policy","Generated Compliance Finding",High,Closed,"2025-07-23 00:00:00","2025-08-06 18:30:00","2025-08-02 18:30:00",0
512,256,"Anti-Bribery Policy","Generated Compliance Finding",Medium,Closed,"2025-02-20 00:00:00","2025-04-06 18:30:00","2025-04-02 18:30:00",0
513,257,"Access Control Policy","Generated Compliance Finding",High,Open,"2025-04-03 00:00:00","2025-04-18 18:30:00",,1
514,257,"Access Control Policy","Generated Compliance Finding",Medium,Open,"2025-02-18 00:00:00","2025-04-17 18:30:00",,1
515,258,"Anti-Bribery Policy","Generated Compliance Finding",High,Closed,"2025-04-29 00:00:00","2025-06-17 18:30:00","2025-06-11 18:30:00",0
516,258,"Access Control Policy","Generated Compliance Finding",Critical,"In Progress","2024-12-26 00:00:00","2025-02-22 18:30:00",,1
517,259,"Data Retention Policy","Generated Compliance Finding",Medium,Open,"2024-09-14 00:00:00","2024-10-12 18:30:00",,1
518,259,"Data Retention Policy","Generated Compliance Finding",Medium,Closed,"2024-05-02 00:00:00","2024-06-19 18:30:00","2024-06-16 18:30:00",0
519,260,"Access Control Policy","Generated Compliance Finding",Medium,Closed,"2025-05-10 00:00:00","2025-06-10 18:30:00","2025-05-31 18:30:00",0
520,260,"Access Control Policy","Generated Compliance Finding",Low,Open,"2024-07-17 00:00:00","2024-08-18 18:30:00",,1
521,261,"Data Retention Policy","Generated Compliance Finding",Medium,Closed,"2024-11-05 00:00:00","2024-11-19 18:30:00","2024-11-10 18:30:00",0
522,261,"Data Retention Policy","Generated Compliance Finding",Medium,Closed,"2024-02-16 00:00:00","2024-03-04 18:30:00","2024-02-28 18:30:00",0
523,262,"Anti-Bribery Policy","Generated Compliance Finding",High,Closed,"2024-04-15 00:00:00","2024-04-29 18:30:00","2024-04-24 18:30:00",0
524,262,"Access Control Policy","Generated Compliance Finding",High,Open,"2024-12-14 00:00:00","2025-01-08 18:30:00",,1
525,263,"Anti-Bribery Policy","Generated Compliance Finding",Critical,"In Progress","2024-04-26 00:00:00","2024-05-14 18:30:00",,1
526,263,"Data Retention Policy","Generated Compliance Finding",Low,Closed,"2025-08-13 00:00:00","2025-10-06 18:30:00","2025-10-05 18:30:00",0
527,264,"Data Retention Policy","Generated Compliance Finding",Low,Open,"2025-07-30 00:00:00","2025-09-01 18:30:00",,1
528,264,"Data Retention Policy","Generated Compliance Finding",Low,Closed,"2025-07-25 00:00:00","2025-09-03 18:30:00","2025-08-24 18:30:00",0
529,265,"Anti-Bribery Policy","Generated Compliance Finding",Critical,"In Progress","2025-04-06 00:00:00","2025-05-18 18:30:00",,1
530,265,"Vendor Compliance Policy","Generated Compliance Finding",Medium,Open,"2025-08-05 00:00:00","2025-09-27 18:30:00",,1
531,266,"Vendor Compliance Policy","Generated Compliance Finding",High,"In Progress","2025-10-02 00:00:00","2025-10-29 18:30:00",,1
532,266,"Data Retention Policy","Generated Compliance Finding",Medium,Closed,"2024-09-02 00:00:00","2024-09-27 18:30:00","2024-09-25 18:30:00",0
533,267,"Anti-Bribery Policy","Generated Compliance Finding",Low,Closed,"2025-02-22 00:00:00","2025-04-05 18:30:00","2025-03-26 18:30:00",0
534,267,"Access Control Policy","Generated Compliance Finding",Medium,"In Progress","2024-02-03 00:00:00","2024-03-02 18:30:00",,1
535,268,"Access Control Policy","Generated Compliance Finding",High,Open,"2024-03-13 00:00:00","2024-05-09 18:30:00",,1
536,268,"Data Retention Policy","Generated Compliance Finding",High,Closed,"2025-03-11 00:00:00","2025-04-01 18:30:00","2025-03-28 18:30:00",0
537,269,"Data Retention Policy","Generated Compliance Finding",Medium,Open,"2024-05-25 00:00:00","2024-06-12 18:30:00",,1
538,269,"Anti-Bribery Policy","Generated Compliance Finding",Critical,"In Progress","2025-09-01 00:00:00","2025-10-21 18:30:00",,1
539,270,"Anti-Bribery Policy","Generated Compliance Finding",Low,"In Progress","2025-04-24 00:00:00","2025-06-21 18:30:00",,1
540,270,"Anti-Bribery Policy","Generated Compliance Finding",Medium,"In Progress","2025-05-27 00:00:00","2025-07-14 18:30:00",,1
541,271,"Access Control Policy","Generated Compliance Finding",Low,"In Progress","2025-09-04 00:00:00","2025-09-20 18:30:00",,1
542,271,"Vendor Compliance Policy","Generated Compliance Finding",High,Open,"2024-01-27 00:00:00","2024-02-15 18:30:00",,1
543,272,"Anti-Bribery Policy","Generated Compliance Finding",Critical,Open,"2025-08-13 00:00:00","2025-08-29 18:30:00",,1
544,272,"Anti-Bribery Policy","Generated Compliance Finding",High,Closed,"2024-10-11 00:00:00","2024-11-05 18:30:00","2024-10-29 18:30:00",0
545,273,"Access Control Policy","Generated Compliance Finding",Low,"In Progress","2025-04-26 00:00:00","2025-06-01 18:30:00",,1
546,273,"Access Control Policy","Generated Compliance Finding",Medium,Open,"2025-11-17 00:00:00","2025-12-07 18:30:00",,1
547,274,"Anti-Bribery Policy","Generated Compliance Finding",Medium,"In Progress","2025-12-11 00:00:00","2026-01-25 18:30:00",,1
548,274,"Access Control Policy","Generated Compliance Finding",High,"In Progress","2025-04-10 00:00:00","2025-04-29 18:30:00",,1
549,275,"Anti-Bribery Policy","Generated Compliance Finding",Medium,Closed,"2024-04-28 00:00:00","2024-06-06 18:30:00","2024-06-05 18:30:00",0
550,275,"Anti-Bribery Policy","Generated Compliance Finding",Medium,Closed,"2024-02-25 00:00:00","2024-03-22 18:30:00","2024-03-16 18:30:00",0
551,276,"Data Retention Policy","Generated Compliance Finding",High,"In Progress","2024-02-22 00:00:00","2024-03-20 18:30:00",,1
552,276,"Vendor Compliance Policy","Generated Compliance Finding",Medium,"In Progress","2025-03-24 00:00:00","2025-05-21 18:30:00",,1
553,277,"Data Retention Policy","Generated Compliance Finding",Low,Open,"2025-10-07 00:00:00","2025-11-28 18:30:00",,1
554,277,"Vendor Compliance Policy","Generated Compliance Finding",Medium,Closed,"2025-07-18 00:00:00","2025-08-01 18:30:00","2025-07-25 18:30:00",0
555,278,"Data Retention Policy","Generated Compliance Finding",Medium,Open,"2024-04-26 00:00:00","2024-06-08 18:30:00",,1
556,278,"Anti-Bribery Policy","Generated Compliance Finding",High,"In Progress","2025-06-05 00:00:00","2025-08-03 18:30:00",,1
557,279,"Data Retention Policy","Generated Compliance Finding",Critical,"In Progress","2025-04-28 00:00:00","2025-05-27 18:30:00",,1
558,279,"Vendor Compliance Policy","Generated Compliance Finding",Medium,Closed,"2024-07-14 00:00:00","2024-09-04 18:30:00","2024-09-01 18:30:00",0
559,280,"Vendor Compliance Policy","Generated Compliance Finding",Medium,Closed,"2025-02-28 00:00:00","2025-04-04 18:30:00","2025-03-30 18:30:00",0
560,280,"Data Retention Policy","Generated Compliance Finding",Medium,Closed,"2024-11-01 00:00:00","2024-12-22 18:30:00","2024-12-14 18:30:00",0
561,281,"Access Control Policy","Generated Compliance Finding",Medium,"In Progress","2025-07-05 00:00:00","2025-08-18 18:30:00",,1
562,281,"Data Retention Policy","Generated Compliance Finding",High,Open,"2025-04-11 00:00:00","2025-05-15 18:30:00",,1
563,282,"Access Control Policy","Generated Compliance Finding",High,Open,"2024-08-27 00:00:00","2024-10-06 18:30:00",,1
564,282,"Data Retention Policy","Generated Compliance Finding",Critical,"In Progress","2025-12-23 00:00:00","2026-01-30 18:30:00",,1
565,283,"Vendor Compliance Policy","Generated Compliance Finding",Medium,Closed,"2024-05-09 00:00:00","2024-06-24 18:30:00","2024-06-18 18:30:00",0
566,283,"Vendor Compliance Policy","Generated Compliance Finding",Critical,"In Progress","2024-04-12 00:00:00","2024-05-29 18:30:00",,1
567,284,"Vendor Compliance Policy","Generated Compliance Finding",High,Open,"2025-02-23 00:00:00","2025-04-19 18:30:00",,1
568,284,"Vendor Compliance Policy","Generated Compliance Finding",High,Closed,"2024-12-12 00:00:00","2025-02-03 18:30:00","2025-01-27 18:30:00",0
569,285,"Access Control Policy","Generated Compliance Finding",Critical,"In Progress","2025-11-21 00:00:00","2026-01-08 18:30:00",,1
570,285,"Data Retention Policy","Generated Compliance Finding",High,Closed,"2025-07-08 00:00:00","2025-07-24 18:30:00","2025-07-22 18:30:00",0
571,286,"Vendor Compliance Policy","Generated Compliance Finding",High,"In Progress","2024-08-20 00:00:00","2024-09-08 18:30:00",,1
572,286,"Vendor Compliance Policy","Generated Compliance Finding",High,Closed,"2025-03-30 00:00:00","2025-04-23 18:30:00","2025-04-18 18:30:00",0
573,287,"Access Control Policy","Generated Compliance Finding",Low,"In Progress","2024-11-28 00:00:00","2024-12-15 18:30:00",,1
574,287,"Anti-Bribery Policy","Generated Compliance Finding",Medium,Open,"2025-03-17 00:00:00","2025-04-09 18:30:00",,1
575,288,"Anti-Bribery Policy","Generated Compliance Finding",Medium,Open,"2024-06-23 00:00:00","2024-07-18 18:30:00",,1
576,288,"Data Retention Policy","Generated Compliance Finding",Medium,Open,"2025-05-24 00:00:00","2025-07-14 18:30:00",,1
577,289,"Access Control Policy","Generated Compliance Finding",Medium,"In Progress","2025-10-15 00:00:00","2025-11-14 18:30:00",,1
578,289,"Data Retention Policy","Generated Compliance Finding",Medium,Closed,"2025-04-21 00:00:00","2025-05-23 18:30:00","2025-05-14 18:30:00",0
579,290,"Anti-Bribery Policy","Generated Compliance Finding",Low,Closed,"2025-03-28 00:00:00","2025-05-03 18:30:00","2025-04-28 18:30:00",0
580,290,"Anti-Bribery Policy","Generated Compliance Finding",High,Open,"2025-04-12 00:00:00","2025-05-15 18:30:00",,1
581,291,"Access Control Policy","Generated Compliance Finding",Critical,"In Progress","2024-04-19 00:00:00","2024-05-18 18:30:00",,1
582,291,"Anti-Bribery Policy","Generated Compliance Finding",High,Open,"2025-12-17 00:00:00","2026-01-18 18:30:00",,1
583,292,"Anti-Bribery Policy","Generated Compliance Finding",Medium,Closed,"2024-01-09 00:00:00","2024-02-28 18:30:00","2024-02-27 18:30:00",0
584,292,"Data Retention Policy","Generated Compliance Finding",Critical,"In Progress","2024-08-23 00:00:00","2024-10-14 18:30:00",,1
585,293,"Vendor Compliance Policy","Generated Compliance Finding",Medium,Closed,"2025-09-27 00:00:00","2025-10-27 18:30:00","2025-10-24 18:30:00",0
586,293,"Access Control Policy","Generated Compliance Finding",Medium,Open,"2024-11-12 00:00:00","2024-12-24 18:30:00",,1
587,294,"Anti-Bribery Policy","Generated Compliance Finding",High,"In Progress","2024-04-02 00:00:00","2024-05-04 18:30:00",,1
588,294,"Access Control Policy","Generated Compliance Finding",Medium,Closed,"2024-07-24 00:00:00","2024-08-15 18:30:00","2024-08-09 18:30:00",0
589,295,"Access Control Policy","Generated Compliance Finding",High,"In Progress","2024-09-20 00:00:00","2024-11-03 18:30:00",,1
590,295,"Data Retention Policy","Generated Compliance Finding",High,Open,"2025-04-24 00:00:00","2025-05-12 18:30:00",,1
591,296,"Anti-Bribery Policy","Generated Compliance Finding",Critical,Open,"2025-07-24 00:00:00","2025-08-30 18:30:00",,1
592,296,"Anti-Bribery Policy","Generated Compliance Finding",Low,Open,"2024-09-27 00:00:00","2024-11-14 18:30:00",,1
593,297,"Anti-Bribery Policy","Generated Compliance Finding",Medium,"In Progress","2025-11-19 00:00:00","2026-01-15 18:30:00",,1
594,297,"Anti-Bribery Policy","Generated Compliance Finding",Critical,Open,"2024-04-20 00:00:00","2024-06-16 18:30:00",,1
595,298,"Data Retention Policy","Generated Compliance Finding",Low,"In Progress","2025-09-26 00:00:00","2025-11-14 18:30:00",,1
596,298,"Anti-Bribery Policy","Generated Compliance Finding",Medium,Closed,"2025-10-12 00:00:00","2025-11-24 18:30:00","2025-11-19 18:30:00",0
597,299,"Access Control Policy","Generated Compliance Finding",Low,Open,"2024-05-23 00:00:00","2024-06-08 18:30:00",,1
598,299,"Anti-Bribery Policy","Generated Compliance Finding",Medium,Closed,"2024-04-09 00:00:00","2024-05-08 18:30:00","2024-05-05 18:30:00",0
599,300,"Anti-Bribery Policy","Generated Compliance Finding",Medium,Closed,"2025-01-14 00:00:00","2025-03-11 18:30:00","2025-03-02 18:30:00",0
600,300,"Anti-Bribery Policy","Generated Compliance Finding",Medium,Open,"2025-02-28 00:00:00","2025-04-24 18:30:00",,1
1,1,"Access Control Policy","Generated Compliance Finding",Critical,Closed,"2025-02-25 00:00:00","2025-04-23 00:00:00","2025-04-19 00:00:00",0
2,1,"Vendor Compliance Policy","Generated Compliance Finding",Medium,"In Progress","2025-12-19 00:00:00","2026-01-09 00:00:00",,1
3,2,"Access Control Policy","Generated Compliance Finding",Critical,"In Progress","2024-08-15 00:00:00","2024-09-11 00:00:00",,1
4,2,"Data Retention Policy","Generated Compliance Finding",Medium,Open,"2024-08-21 00:00:00","2024-09-19 00:00:00",,1
5,3,"Access Control Policy","Generated Compliance Finding",Medium,Open,"2024-12-02 00:00:00","2025-01-03 00:00:00",,1
6,3,"Access Control Policy","Generated Compliance Finding",Medium,"In Progress","2025-10-18 00:00:00","2025-12-04 00:00:00",,1
7,4,"Access Control Policy","Generated Compliance Finding",Low,Open,"2024-04-28 00:00:00","2024-05-29 00:00:00",,1
8,4,"Access Control Policy","Generated Compliance Finding",Low,"In Progress","2024-04-21 00:00:00","2024-06-13 00:00:00",,1
9,5,"Anti-Bribery Policy","Generated Compliance Finding",Critical,Closed,"2025-03-22 00:00:00","2025-05-14 00:00:00","2025-05-12 00:00:00",0
10,5,"Vendor Compliance Policy","Generated Compliance Finding",Medium,Closed,"2024-09-17 00:00:00","2024-10-04 00:00:00","2024-09-27 00:00:00",0
11,6,"Access Control Policy","Generated Compliance Finding",Medium,Open,"2025-01-07 00:00:00","2025-02-18 00:00:00",,1
12,6,"Access Control Policy","Generated Compliance Finding",High,Closed,"2025-11-10 00:00:00","2025-12-02 00:00:00","2025-11-27 00:00:00",0
13,7,"Data Retention Policy","Generated Compliance Finding",High,Closed,"2024-11-30 00:00:00","2025-01-09 00:00:00","2025-01-04 00:00:00",0
14,7,"Data Retention Policy","Generated Compliance Finding",Medium,"In Progress","2025-03-06 00:00:00","2025-05-02 00:00:00",,1
15,8,"Access Control Policy","Generated Compliance Finding",High,Open,"2025-02-19 00:00:00","2025-04-10 00:00:00",,1
16,8,"Access Control Policy","Generated Compliance Finding",Medium,Closed,"2024-08-03 00:00:00","2024-09-14 00:00:00","2024-09-04 00:00:00",0
17,9,"Anti-Bribery Policy","Generated Compliance Finding",Medium,Closed,"2025-03-28 00:00:00","2025-05-10 00:00:00","2025-05-06 00:00:00",0
18,9,"Access Control Policy","Generated Compliance Finding",High,"In Progress","2025-11-05 00:00:00","2025-11-25 00:00:00",,1
19,10,"Data Retention Policy","Generated Compliance Finding",Low,"In Progress","2024-08-28 00:00:00","2024-10-25 00:00:00",,1
20,10,"Data Retention Policy","Generated Compliance Finding",High,Open,"2024-05-30 00:00:00","2024-06-15 00:00:00",,1
21,11,"Data Retention Policy","Generated Compliance Finding",Medium,Closed,"2025-04-11 00:00:00","2025-05-22 00:00:00","2025-05-12 00:00:00",0
22,11,"Data Retention Policy","Generated Compliance Finding",Critical,Open,"2025-05-21 00:00:00","2025-06-30 00:00:00",,1
23,12,"Data Retention Policy","Generated Compliance Finding",Medium,Open,"2024-04-19 00:00:00","2024-05-31 00:00:00",,1
24,12,"Vendor Compliance Policy","Generated Compliance Finding",Critical,Open,"2024-02-21 00:00:00","2024-04-11 00:00:00",,1
25,13,"Access Control Policy","Generated Compliance Finding",Medium,Closed,"2024-05-16 00:00:00","2024-06-29 00:00:00","2024-06-20 00:00:00",0
26,13,"Anti-Bribery Policy","Generated Compliance Finding",Critical,"In Progress","2025-09-19 00:00:00","2025-11-05 00:00:00",,1
27,14,"Data Retention Policy","Generated Compliance Finding",Medium,"In Progress","2025-05-01 00:00:00","2025-06-13 00:00:00",,1
28,14,"Access Control Policy","Generated Compliance Finding",Critical,Closed,"2025-06-17 00:00:00","2025-08-02 00:00:00","2025-07-29 00:00:00",0
29,15,"Data Retention Policy","Generated Compliance Finding",Medium,"In Progress","2024-03-20 00:00:00","2024-05-19 00:00:00",,1
30,15,"Data Retention Policy","Generated Compliance Finding",Medium,Closed,"2024-12-09 00:00:00","2025-01-13 00:00:00","2025-01-11 00:00:00",0
31,16,"Data Retention Policy","Generated Compliance Finding",Low,Closed,"2024-08-24 00:00:00","2024-10-02 00:00:00","2024-09-29 00:00:00",0
32,16,"Anti-Bribery Policy","Generated Compliance Finding",Low,"In Progress","2025-02-28 00:00:00","2025-04-10 00:00:00",,1
33,17,"Anti-Bribery Policy","Generated Compliance Finding",Medium,"In Progress","2024-03-04 00:00:00","2024-04-01 00:00:00",,1
34,17,"Vendor Compliance Policy","Generated Compliance Finding",High,"In Progress","2025-08-12 00:00:00","2025-09-20 00:00:00",,1
35,18,"Data Retention Policy","Generated Compliance Finding",Medium,"In Progress","2024-11-01 00:00:00","2024-12-10 00:00:00",,1
36,18,"Vendor Compliance Policy","Generated Compliance Finding",Medium,"In Progress","2024-10-06 00:00:00","2024-11-17 00:00:00",,1
37,19,"Data Retention Policy","Generated Compliance Finding",Medium,Closed,"2024-12-10 00:00:00","2025-02-05 00:00:00","2025-01-29 00:00:00",0
38,19,"Anti-Bribery Policy","Generated Compliance Finding",Critical,Closed,"2024-05-10 00:00:00","2024-07-03 00:00:00","2024-07-02 00:00:00",0
39,20,"Data Retention Policy","Generated Compliance Finding",Medium,"In Progress","2024-03-26 00:00:00","2024-05-21 00:00:00",,1
40,20,"Anti-Bribery Policy","Generated Compliance Finding",Critical,"In Progress","2024-07-05 00:00:00","2024-07-23 00:00:00",,1
41,21,"Access Control Policy","Generated Compliance Finding",Medium,"In Progress","2024-08-04 00:00:00","2024-09-17 00:00:00",,1
42,21,"Vendor Compliance Policy","Generated Compliance Finding",Critical,"In Progress","2024-10-11 00:00:00","2024-11-21 00:00:00",,1
43,22,"Data Retention Policy","Generated Compliance Finding",Medium,"In Progress","2025-07-06 00:00:00","2025-07-24 00:00:00",,1
44,22,"Data Retention Policy","Generated Compliance Finding",Medium,Open,"2025-10-29 00:00:00","2025-11-15 00:00:00",,1
45,23,"Data Retention Policy","Generated Compliance Finding",Medium,Open,"2024-01-21 00:00:00","2024-03-15 00:00:00",,1
46,23,"Data Retention Policy","Generated Compliance Finding",Low,Open,"2025-04-29 00:00:00","2025-06-25 00:00:00",,1
47,24,"Data Retention Policy","Generated Compliance Finding",Medium,"In Progress","2025-12-17 00:00:00","2026-01-17 00:00:00",,1
48,24,"Vendor Compliance Policy","Generated Compliance Finding",Medium,Open,"2024-06-16 00:00:00","2024-07-20 00:00:00",,1
49,25,"Anti-Bribery Policy","Generated Compliance Finding",Medium,"In Progress","2025-08-12 00:00:00","2025-10-09 00:00:00",,1
50,25,"Vendor Compliance Policy","Generated Compliance Finding",High,Closed,"2024-03-18 00:00:00","2024-05-09 00:00:00","2024-05-05 00:00:00",0
51,26,"Vendor Compliance Policy","Generated Compliance Finding",High,Open,"2025-12-01 00:00:00","2026-01-23 00:00:00",,1
52,26,"Vendor Compliance Policy","Generated Compliance Finding",Medium,Closed,"2025-06-29 00:00:00","2025-08-10 00:00:00","2025-08-04 00:00:00",0
53,27,"Vendor Compliance Policy","Generated Compliance Finding",High,"In Progress","2024-01-13 00:00:00","2024-02-23 00:00:00",,1
54,27,"Data Retention Policy","Generated Compliance Finding",Medium,"In Progress","2025-01-05 00:00:00","2025-03-01 00:00:00",,1
55,28,"Anti-Bribery Policy","Generated Compliance Finding",Medium,Closed,"2024-06-29 00:00:00","2024-08-16 00:00:00","2024-08-11 00:00:00",0
56,28,"Access Control Policy","Generated Compliance Finding",Medium,"In Progress","2025-03-22 00:00:00","2025-05-13 00:00:00",,1
57,29,"Data Retention Policy","Generated Compliance Finding",High,"In Progress","2024-03-29 00:00:00","2024-04-30 00:00:00",,1
58,29,"Access Control Policy","Generated Compliance Finding",Critical,Closed,"2025-08-06 00:00:00","2025-09-29 00:00:00","2025-09-22 00:00:00",0
59,30,"Anti-Bribery Policy","Generated Compliance Finding",Low,Open,"2025-05-21 00:00:00","2025-06-25 00:00:00",,1
60,30,"Access Control Policy","Generated Compliance Finding",Medium,"In Progress","2024-12-29 00:00:00","2025-01-29 00:00:00",,1
61,31,"Vendor Compliance Policy","Generated Compliance Finding",High,Closed,"2025-07-23 00:00:00","2025-08-07 00:00:00","2025-08-03 00:00:00",0
62,31,"Anti-Bribery Policy","Generated Compliance Finding",Medium,Closed,"2025-02-20 00:00:00","2025-04-07 00:00:00","2025-04-03 00:00:00",0
63,32,"Access Control Policy","Generated Compliance Finding",High,Open,"2025-04-03 00:00:00","2025-04-19 00:00:00",,1
64,32,"Access Control Policy","Generated Compliance Finding",Medium,Open,"2025-02-18 00:00:00","2025-04-18 00:00:00",,1
65,33,"Anti-Bribery Policy","Generated Compliance Finding",High,Closed,"2025-04-29 00:00:00","2025-06-18 00:00:00","2025-06-12 00:00:00",0
66,33,"Access Control Policy","Generated Compliance Finding",Critical,"In Progress","2024-12-26 00:00:00","2025-02-23 00:00:00",,1
67,34,"Data Retention Policy","Generated Compliance Finding",Medium,Open,"2024-09-14 00:00:00","2024-10-13 00:00:00",,1
68,34,"Data Retention Policy","Generated Compliance Finding",Medium,Closed,"2024-05-02 00:00:00","2024-06-20 00:00:00","2024-06-17 00:00:00",0
69,35,"Access Control Policy","Generated Compliance Finding",Medium,Closed,"2025-05-10 00:00:00","2025-06-11 00:00:00","2025-06-01 00:00:00",0
70,35,"Access Control Policy","Generated Compliance Finding",Low,Open,"2024-07-17 00:00:00","2024-08-19 00:00:00",,1
71,36,"Data Retention Policy","Generated Compliance Finding",Medium,Closed,"2024-11-05 00:00:00","2024-11-20 00:00:00","2024-11-11 00:00:00",0
72,36,"Data Retention Policy","Generated Compliance Finding",Medium,Closed,"2024-02-16 00:00:00","2024-03-05 00:00:00","2024-02-29 00:00:00",0
73,37,"Anti-Bribery Policy","Generated Compliance Finding",High,Closed,"2024-04-15 00:00:00","2024-04-30 00:00:00","2024-04-25 00:00:00",0
74,37,"Access Control Policy","Generated Compliance Finding",High,Open,"2024-12-14 00:00:00","2025-01-09 00:00:00",,1
75,38,"Anti-Bribery Policy","Generated Compliance Finding",Critical,"In Progress","2024-04-26 00:00:00","2024-05-15 00:00:00",,1
76,38,"Data Retention Policy","Generated Compliance Finding",Low,Closed,"2025-08-13 00:00:00","2025-10-07 00:00:00","2025-10-06 00:00:00",0
77,39,"Data Retention Policy","Generated Compliance Finding",Low,Open,"2025-07-30 00:00:00","2025-09-02 00:00:00",,1
78,39,"Data Retention Policy","Generated Compliance Finding",Low,Closed,"2025-07-25 00:00:00","2025-09-04 00:00:00","2025-08-25 00:00:00",0
79,40,"Anti-Bribery Policy","Generated Compliance Finding",Critical,"In Progress","2025-04-06 00:00:00","2025-05-19 00:00:00",,1
80,40,"Vendor Compliance Policy","Generated Compliance Finding",Medium,Open,"2025-08-05 00:00:00","2025-09-28 00:00:00",,1
81,41,"Vendor Compliance Policy","Generated Compliance Finding",High,"In Progress","2025-10-02 00:00:00","2025-10-30 00:00:00",,1
82,41,"Data Retention Policy","Generated Compliance Finding",Medium,Closed,"2024-09-02 00:00:00","2024-09-28 00:00:00","2024-09-26 00:00:00",0
83,42,"Anti-Bribery Policy","Generated Compliance Finding",Low,Closed,"2025-02-22 00:00:00","2025-04-06 00:00:00","2025-03-27 00:00:00",0
84,42,"Access Control Policy","Generated Compliance Finding",Medium,"In Progress","2024-02-03 00:00:00","2024-03-03 00:00:00",,1
85,43,"Access Control Policy","Generated Compliance Finding",High,Open,"2024-03-13 00:00:00","2024-05-10 00:00:00",,1
86,43,"Data Retention Policy","Generated Compliance Finding",High,Closed,"2025-03-11 00:00:00","2025-04-02 00:00:00","2025-03-29 00:00:00",0
87,44,"Data Retention Policy","Generated Compliance Finding",Medium,Open,"2024-05-25 00:00:00","2024-06-13 00:00:00",,1
88,44,"Anti-Bribery Policy","Generated Compliance Finding",Critical,"In Progress","2025-09-01 00:00:00","2025-10-22 00:00:00",,1
89,45,"Anti-Bribery Policy","Generated Compliance Finding",Low,"In Progress","2025-04-24 00:00:00","2025-06-22 00:00:00",,1
90,45,"Anti-Bribery Policy","Generated Compliance Finding",Medium,"In Progress","2025-05-27 00:00:00","2025-07-15 00:00:00",,1
91,46,"Access Control Policy","Generated Compliance Finding",Low,"In Progress","2025-09-04 00:00:00","2025-09-21 00:00:00",,1
92,46,"Vendor Compliance Policy","Generated Compliance Finding",High,Open,"2024-01-27 00:00:00","2024-02-16 00:00:00",,1
93,47,"Anti-Bribery Policy","Generated Compliance Finding",Critical,Open,"2025-08-13 00:00:00","2025-08-30 00:00:00",,1
94,47,"Anti-Bribery Policy","Generated Compliance Finding",High,Closed,"2024-10-11 00:00:00","2024-11-06 00:00:00","2024-10-30 00:00:00",0
95,48,"Access Control Policy","Generated Compliance Finding",Low,"In Progress","2025-04-26 00:00:00","2025-06-02 00:00:00",,1
96,48,"Access Control Policy","Generated Compliance Finding",Medium,Open,"2025-11-17 00:00:00","2025-12-08 00:00:00",,1
97,49,"Anti-Bribery Policy","Generated Compliance Finding",Medium,"In Progress","2025-12-11 00:00:00","2026-01-26 00:00:00",,1
98,49,"Access Control Policy","Generated Compliance Finding",High,"In Progress","2025-04-10 00:00:00","2025-04-30 00:00:00",,1
99,50,"Anti-Bribery Policy","Generated Compliance Finding",Medium,Closed,"2024-04-28 00:00:00","2024-06-07 00:00:00","2024-06-06 00:00:00",0
100,50,"Anti-Bribery Policy","Generated Compliance Finding",Medium,Closed,"2024-02-25 00:00:00","2024-03-23 00:00:00","2024-03-17 00:00:00",0
101,51,"Data Retention Policy","Generated Compliance Finding",High,"In Progress","2024-02-22 00:00:00","2024-03-21 00:00:00",,1
102,51,"Vendor Compliance Policy","Generated Compliance Finding",Medium,"In Progress","2025-03-24 00:00:00","2025-05-22 00:00:00",,1
103,52,"Data Retention Policy","Generated Compliance Finding",Low,Open,"2025-10-07 00:00:00","2025-11-29 00:00:00",,1
104,52,"Vendor Compliance Policy","Generated Compliance Finding",Medium,Closed,"2025-07-18 00:00:00","2025-08-02 00:00:00","2025-07-26 00:00:00",0
105,53,"Data Retention Policy","Generated Compliance Finding",Medium,Open,"2024-04-26 00:00:00","2024-06-09 00:00:00",,1
106,53,"Anti-Bribery Policy","Generated Compliance Finding",High,"In Progress","2025-06-05 00:00:00","2025-08-04 00:00:00",,1
107,54,"Data Retention Policy","Generated Compliance Finding",Critical,"In Progress","2025-04-28 00:00:00","2025-05-28 00:00:00",,1
108,54,"Vendor Compliance Policy","Generated Compliance Finding",Medium,Closed,"2024-07-14 00:00:00","2024-09-05 00:00:00","2024-09-02 00:00:00",0
109,55,"Vendor Compliance Policy","Generated Compliance Finding",Medium,Closed,"2025-02-28 00:00:00","2025-04-05 00:00:00","2025-03-31 00:00:00",0
110,55,"Data Retention Policy","Generated Compliance Finding",Medium,Closed,"2024-11-01 00:00:00","2024-12-23 00:00:00","2024-12-15 00:00:00",0
111,56,"Access Control Policy","Generated Compliance Finding",Medium,"In Progress","2025-07-05 00:00:00","2025-08-19 00:00:00",,1
112,56,"Data Retention Policy","Generated Compliance Finding",High,Open,"2025-04-11 00:00:00","2025-05-16 00:00:00",,1
113,57,"Access Control Policy","Generated Compliance Finding",High,Open,"2024-08-27 00:00:00","2024-10-07 00:00:00",,1
114,57,"Data Retention Policy","Generated Compliance Finding",Critical,"In Progress","2025-12-23 00:00:00","2026-01-31 00:00:00",,1
115,58,"Vendor Compliance Policy","Generated Compliance Finding",Medium,Closed,"2024-05-09 00:00:00","2024-06-25 00:00:00","2024-06-19 00:00:00",0
116,58,"Vendor Compliance Policy","Generated Compliance Finding",Critical,"In Progress","2024-04-12 00:00:00","2024-05-30 00:00:00",,1
117,59,"Vendor Compliance Policy","Generated Compliance Finding",High,Open,"2025-02-23 00:00:00","2025-04-20 00:00:00",,1
118,59,"Vendor Compliance Policy","Generated Compliance Finding",High,Closed,"2024-12-12 00:00:00","2025-02-04 00:00:00","2025-01-28 00:00:00",0
119,60,"Access Control Policy","Generated Compliance Finding",Critical,"In Progress","2025-11-21 00:00:00","2026-01-09 00:00:00",,1
120,60,"Data Retention Policy","Generated Compliance Finding",High,Closed,"2025-07-08 00:00:00","2025-07-25 00:00:00","2025-07-23 00:00:00",0
121,61,"Vendor Compliance Policy","Generated Compliance Finding",High,"In Progress","2024-08-20 00:00:00","2024-09-09 00:00:00",,1
122,61,"Vendor Compliance Policy","Generated Compliance Finding",High,Closed,"2025-03-30 00:00:00","2025-04-24 00:00:00","2025-04-19 00:00:00",0
123,62,"Access Control Policy","Generated Compliance Finding",Low,"In Progress","2024-11-28 00:00:00","2024-12-16 00:00:00",,1
124,62,"Anti-Bribery Policy","Generated Compliance Finding",Medium,Open,"2025-03-17 00:00:00","2025-04-10 00:00:00",,1
125,63,"Anti-Bribery Policy","Generated Compliance Finding",Medium,Open,"2024-06-23 00:00:00","2024-07-19 00:00:00",,1
126,63,"Data Retention Policy","Generated Compliance Finding",Medium,Open,"2025-05-24 00:00:00","2025-07-15 00:00:00",,1
127,64,"Access Control Policy","Generated Compliance Finding",Medium,"In Progress","2025-10-15 00:00:00","2025-11-15 00:00:00",,1
128,64,"Data Retention Policy","Generated Compliance Finding",Medium,Closed,"2025-04-21 00:00:00","2025-05-24 00:00:00","2025-05-15 00:00:00",0
129,65,"Anti-Bribery Policy","Generated Compliance Finding",Low,Closed,"2025-03-28 00:00:00","2025-05-04 00:00:00","2025-04-29 00:00:00",0
130,65,"Anti-Bribery Policy","Generated Compliance Finding",High,Open,"2025-04-12 00:00:00","2025-05-16 00:00:00",,1
131,66,"Access Control Policy","Generated Compliance Finding",Critical,"In Progress","2024-04-19 00:00:00","2024-05-19 00:00:00",,1
132,66,"Anti-Bribery Policy","Generated Compliance Finding",High,Open,"2025-12-17 00:00:00","2026-01-19 00:00:00",,1
133,67,"Anti-Bribery Policy","Generated Compliance Finding",Medium,Closed,"2024-01-09 00:00:00","2024-02-29 00:00:00","2024-02-28 00:00:00",0
134,67,"Data Retention Policy","Generated Compliance Finding",Critical,"In Progress","2024-08-23 00:00:00","2024-10-15 00:00:00",,1
135,68,"Vendor Compliance Policy","Generated Compliance Finding",Medium,Closed,"2025-09-27 00:00:00","2025-10-28 00:00:00","2025-10-25 00:00:00",0
136,68,"Access Control Policy","Generated Compliance Finding",Medium,Open,"2024-11-12 00:00:00","2024-12-25 00:00:00",,1
137,69,"Anti-Bribery Policy","Generated Compliance Finding",High,"In Progress","2024-04-02 00:00:00","2024-05-05 00:00:00",,1
138,69,"Access Control Policy","Generated Compliance Finding",Medium,Closed,"2024-07-24 00:00:00","2024-08-16 00:00:00","2024-08-10 00:00:00",0
139,70,"Access Control Policy","Generated Compliance Finding",High,"In Progress","2024-09-20 00:00:00","2024-11-04 00:00:00",,1
140,70,"Data Retention Policy","Generated Compliance Finding",High,Open,"2025-04-24 00:00:00","2025-05-13 00:00:00",,1
141,71,"Anti-Bribery Policy","Generated Compliance Finding",Critical,Open,"2025-07-24 00:00:00","2025-08-31 00:00:00",,1
142,71,"Anti-Bribery Policy","Generated Compliance Finding",Low,Open,"2024-09-27 00:00:00","2024-11-15 00:00:00",,1
143,72,"Anti-Bribery Policy","Generated Compliance Finding",Medium,"In Progress","2025-11-19 00:00:00","2026-01-16 00:00:00",,1
144,72,"Anti-Bribery Policy","Generated Compliance Finding",Critical,Open,"2024-04-20 00:00:00","2024-06-17 00:00:00",,1
145,73,"Data Retention Policy","Generated Compliance Finding",Low,"In Progress","2025-09-26 00:00:00","2025-11-15 00:00:00",,1
146,73,"Anti-Bribery Policy","Generated Compliance Finding",Medium,Closed,"2025-10-12 00:00:00","2025-11-25 00:00:00","2025-11-20 00:00:00",0
147,74,"Access Control Policy","Generated Compliance Finding",Low,Open,"2024-05-23 00:00:00","2024-06-09 00:00:00",,1
148,74,"Anti-Bribery Policy","Generated Compliance Finding",Medium,Closed,"2024-04-09 00:00:00","2024-05-09 00:00:00","2024-05-06 00:00:00",0
149,75,"Anti-Bribery Policy","Generated Compliance Finding",Medium,Closed,"2025-01-14 00:00:00","2025-03-12 00:00:00","2025-03-03 00:00:00",0
150,75,"Anti-Bribery Policy","Generated Compliance Finding",Medium,Open,"2025-02-28 00:00:00","2025-04-25 00:00:00",,1
151,76,"Access Control Policy","Generated Compliance Finding",Critical,Closed,"2025-02-25 00:00:00","2025-04-23 00:00:00","2025-04-19 00:00:00",0
152,76,"Vendor Compliance Policy","Generated Compliance Finding",Medium,"In Progress","2025-12-19 00:00:00","2026-01-09 00:00:00",,1
153,77,"Access Control Policy","Generated Compliance Finding",Critical,"In Progress","2024-08-15 00:00:00","2024-09-11 00:00:00",,1
154,77,"Data Retention Policy","Generated Compliance Finding",Medium,Open,"2024-08-21 00:00:00","2024-09-19 00:00:00",,1
155,78,"Access Control Policy","Generated Compliance Finding",Medium,Open,"2024-12-02 00:00:00","2025-01-03 00:00:00",,1
156,78,"Access Control Policy","Generated Compliance Finding",Medium,"In Progress","2025-10-18 00:00:00","2025-12-04 00:00:00",,1
157,79,"Access Control Policy","Generated Compliance Finding",Low,Open,"2024-04-28 00:00:00","2024-05-29 00:00:00",,1
158,79,"Access Control Policy","Generated Compliance Finding",Low,"In Progress","2024-04-21 00:00:00","2024-06-13 00:00:00",,1
159,80,"Anti-Bribery Policy","Generated Compliance Finding",Critical,Closed,"2025-03-22 00:00:00","2025-05-14 00:00:00","2025-05-12 00:00:00",0
160,80,"Vendor Compliance Policy","Generated Compliance Finding",Medium,Closed,"2024-09-17 00:00:00","2024-10-04 00:00:00","2024-09-27 00:00:00",0
161,81,"Access Control Policy","Generated Compliance Finding",Medium,Open,"2025-01-07 00:00:00","2025-02-18 00:00:00",,1
162,81,"Access Control Policy","Generated Compliance Finding",High,Closed,"2025-11-10 00:00:00","2025-12-02 00:00:00","2025-11-27 00:00:00",0
163,82,"Data Retention Policy","Generated Compliance Finding",High,Closed,"2024-11-30 00:00:00","2025-01-09 00:00:00","2025-01-04 00:00:00",0
164,82,"Data Retention Policy","Generated Compliance Finding",Medium,"In Progress","2025-03-06 00:00:00","2025-05-02 00:00:00",,1
165,83,"Access Control Policy","Generated Compliance Finding",High,Open,"2025-02-19 00:00:00","2025-04-10 00:00:00",,1
166,83,"Access Control Policy","Generated Compliance Finding",Medium,Closed,"2024-08-03 00:00:00","2024-09-14 00:00:00","2024-09-04 00:00:00",0
167,84,"Anti-Bribery Policy","Generated Compliance Finding",Medium,Closed,"2025-03-28 00:00:00","2025-05-10 00:00:00","2025-05-06 00:00:00",0
168,84,"Access Control Policy","Generated Compliance Finding",High,"In Progress","2025-11-05 00:00:00","2025-11-25 00:00:00",,1
169,85,"Data Retention Policy","Generated Compliance Finding",Low,"In Progress","2024-08-28 00:00:00","2024-10-25 00:00:00",,1
170,85,"Data Retention Policy","Generated Compliance Finding",High,Open,"2024-05-30 00:00:00","2024-06-15 00:00:00",,1
171,86,"Data Retention Policy","Generated Compliance Finding",Medium,Closed,"2025-04-11 00:00:00","2025-05-22 00:00:00","2025-05-12 00:00:00",0
172,86,"Data Retention Policy","Generated Compliance Finding",Critical,Open,"2025-05-21 00:00:00","2025-06-30 00:00:00",,1
173,87,"Data Retention Policy","Generated Compliance Finding",Medium,Open,"2024-04-19 00:00:00","2024-05-31 00:00:00",,1
174,87,"Vendor Compliance Policy","Generated Compliance Finding",Critical,Open,"2024-02-21 00:00:00","2024-04-11 00:00:00",,1
175,88,"Access Control Policy","Generated Compliance Finding",Medium,Closed,"2024-05-16 00:00:00","2024-06-29 00:00:00","2024-06-20 00:00:00",0
176,88,"Anti-Bribery Policy","Generated Compliance Finding",Critical,"In Progress","2025-09-19 00:00:00","2025-11-05 00:00:00",,1
177,89,"Data Retention Policy","Generated Compliance Finding",Medium,"In Progress","2025-05-01 00:00:00","2025-06-13 00:00:00",,1
178,89,"Access Control Policy","Generated Compliance Finding",Critical,Closed,"2025-06-17 00:00:00","2025-08-02 00:00:00","2025-07-29 00:00:00",0
179,90,"Data Retention Policy","Generated Compliance Finding",Medium,"In Progress","2024-03-20 00:00:00","2024-05-19 00:00:00",,1
180,90,"Data Retention Policy","Generated Compliance Finding",Medium,Closed,"2024-12-09 00:00:00","2025-01-13 00:00:00","2025-01-11 00:00:00",0
181,91,"Data Retention Policy","Generated Compliance Finding",Low,Closed,"2024-08-24 00:00:00","2024-10-02 00:00:00","2024-09-29 00:00:00",0
182,91,"Anti-Bribery Policy","Generated Compliance Finding",Low,"In Progress","2025-02-28 00:00:00","2025-04-10 00:00:00",,1
183,92,"Anti-Bribery Policy","Generated Compliance Finding",Medium,"In Progress","2024-03-04 00:00:00","2024-04-01 00:00:00",,1
184,92,"Vendor Compliance Policy","Generated Compliance Finding",High,"In Progress","2025-08-12 00:00:00","2025-09-20 00:00:00",,1
185,93,"Data Retention Policy","Generated Compliance Finding",Medium,"In Progress","2024-11-01 00:00:00","2024-12-10 00:00:00",,1
186,93,"Vendor Compliance Policy","Generated Compliance Finding",Medium,"In Progress","2024-10-06 00:00:00","2024-11-17 00:00:00",,1
187,94,"Data Retention Policy","Generated Compliance Finding",Medium,Closed,"2024-12-10 00:00:00","2025-02-05 00:00:00","2025-01-29 00:00:00",0
188,94,"Anti-Bribery Policy","Generated Compliance Finding",Critical,Closed,"2024-05-10 00:00:00","2024-07-03 00:00:00","2024-07-02 00:00:00",0
189,95,"Data Retention Policy","Generated Compliance Finding",Medium,"In Progress","2024-03-26 00:00:00","2024-05-21 00:00:00",,1
190,95,"Anti-Bribery Policy","Generated Compliance Finding",Critical,"In Progress","2024-07-05 00:00:00","2024-07-23 00:00:00",,1
191,96,"Access Control Policy","Generated Compliance Finding",Medium,"In Progress","2024-08-04 00:00:00","2024-09-17 00:00:00",,1
192,96,"Vendor Compliance Policy","Generated Compliance Finding",Critical,"In Progress","2024-10-11 00:00:00","2024-11-21 00:00:00",,1
193,97,"Data Retention Policy","Generated Compliance Finding",Medium,"In Progress","2025-07-06 00:00:00","2025-07-24 00:00:00",,1
194,97,"Data Retention Policy","Generated Compliance Finding",Medium,Open,"2025-10-29 00:00:00","2025-11-15 00:00:00",,1
195,98,"Data Retention Policy","Generated Compliance Finding",Medium,Open,"2024-01-21 00:00:00","2024-03-15 00:00:00",,1
196,98,"Data Retention Policy","Generated Compliance Finding",Low,Open,"2025-04-29 00:00:00","2025-06-25 00:00:00",,1
197,99,"Data Retention Policy","Generated Compliance Finding",Medium,"In Progress","2025-12-17 00:00:00","2026-01-17 00:00:00",,1
198,99,"Vendor Compliance Policy","Generated Compliance Finding",Medium,Open,"2024-06-16 00:00:00","2024-07-20 00:00:00",,1
199,100,"Anti-Bribery Policy","Generated Compliance Finding",Medium,"In Progress","2025-08-12 00:00:00","2025-10-09 00:00:00",,1
200,100,"Vendor Compliance Policy","Generated Compliance Finding",High,Closed,"2024-03-18 00:00:00","2024-05-09 00:00:00","2024-05-05 00:00:00",0
201,101,"Vendor Compliance Policy","Generated Compliance Finding",High,Open,"2025-12-01 00:00:00","2026-01-23 00:00:00",,1
202,101,"Vendor Compliance Policy","Generated Compliance Finding",Medium,Closed,"2025-06-29 00:00:00","2025-08-10 00:00:00","2025-08-04 00:00:00",0
203,102,"Vendor Compliance Policy","Generated Compliance Finding",High,"In Progress","2024-01-13 00:00:00","2024-02-23 00:00:00",,1
204,102,"Data Retention Policy","Generated Compliance Finding",Medium,"In Progress","2025-01-05 00:00:00","2025-03-01 00:00:00",,1
205,103,"Anti-Bribery Policy","Generated Compliance Finding",Medium,Closed,"2024-06-29 00:00:00","2024-08-16 00:00:00","2024-08-11 00:00:00",0
206,103,"Access Control Policy","Generated Compliance Finding",Medium,"In Progress","2025-03-22 00:00:00","2025-05-13 00:00:00",,1
207,104,"Data Retention Policy","Generated Compliance Finding",High,"In Progress","2024-03-29 00:00:00","2024-04-30 00:00:00",,1
208,104,"Access Control Policy","Generated Compliance Finding",Critical,Closed,"2025-08-06 00:00:00","2025-09-29 00:00:00","2025-09-22 00:00:00",0
209,105,"Anti-Bribery Policy","Generated Compliance Finding",Low,Open,"2025-05-21 00:00:00","2025-06-25 00:00:00",,1
210,105,"Access Control Policy","Generated Compliance Finding",Medium,"In Progress","2024-12-29 00:00:00","2025-01-29 00:00:00",,1
211,106,"Vendor Compliance Policy","Generated Compliance Finding",High,Closed,"2025-07-23 00:00:00","2025-08-07 00:00:00","2025-08-03 00:00:00",0
212,106,"Anti-Bribery Policy","Generated Compliance Finding",Medium,Closed,"2025-02-20 00:00:00","2025-04-07 00:00:00","2025-04-03 00:00:00",0
213,107,"Access Control Policy","Generated Compliance Finding",High,Open,"2025-04-03 00:00:00","2025-04-19 00:00:00",,1
214,107,"Access Control Policy","Generated Compliance Finding",Medium,Open,"2025-02-18 00:00:00","2025-04-18 00:00:00",,1
215,108,"Anti-Bribery Policy","Generated Compliance Finding",High,Closed,"2025-04-29 00:00:00","2025-06-18 00:00:00","2025-06-12 00:00:00",0
216,108,"Access Control Policy","Generated Compliance Finding",Critical,"In Progress","2024-12-26 00:00:00","2025-02-23 00:00:00",,1
217,109,"Data Retention Policy","Generated Compliance Finding",Medium,Open,"2024-09-14 00:00:00","2024-10-13 00:00:00",,1
218,109,"Data Retention Policy","Generated Compliance Finding",Medium,Closed,"2024-05-02 00:00:00","2024-06-20 00:00:00","2024-06-17 00:00:00",0
219,110,"Access Control Policy","Generated Compliance Finding",Medium,Closed,"2025-05-10 00:00:00","2025-06-11 00:00:00","2025-06-01 00:00:00",0
220,110,"Access Control Policy","Generated Compliance Finding",Low,Open,"2024-07-17 00:00:00","2024-08-19 00:00:00",,1
221,111,"Data Retention Policy","Generated Compliance Finding",Medium,Closed,"2024-11-05 00:00:00","2024-11-20 00:00:00","2024-11-11 00:00:00",0
222,111,"Data Retention Policy","Generated Compliance Finding",Medium,Closed,"2024-02-16 00:00:00","2024-03-05 00:00:00","2024-02-29 00:00:00",0
223,112,"Anti-Bribery Policy","Generated Compliance Finding",High,Closed,"2024-04-15 00:00:00","2024-04-30 00:00:00","2024-04-25 00:00:00",0
224,112,"Access Control Policy","Generated Compliance Finding",High,Open,"2024-12-14 00:00:00","2025-01-09 00:00:00",,1
225,113,"Anti-Bribery Policy","Generated Compliance Finding",Critical,"In Progress","2024-04-26 00:00:00","2024-05-15 00:00:00",,1
226,113,"Data Retention Policy","Generated Compliance Finding",Low,Closed,"2025-08-13 00:00:00","2025-10-07 00:00:00","2025-10-06 00:00:00",0
227,114,"Data Retention Policy","Generated Compliance Finding",Low,Open,"2025-07-30 00:00:00","2025-09-02 00:00:00",,1
228,114,"Data Retention Policy","Generated Compliance Finding",Low,Closed,"2025-07-25 00:00:00","2025-09-04 00:00:00","2025-08-25 00:00:00",0
229,115,"Anti-Bribery Policy","Generated Compliance Finding",Critical,"In Progress","2025-04-06 00:00:00","2025-05-19 00:00:00",,1
230,115,"Vendor Compliance Policy","Generated Compliance Finding",Medium,Open,"2025-08-05 00:00:00","2025-09-28 00:00:00",,1
231,116,"Vendor Compliance Policy","Generated Compliance Finding",High,"In Progress","2025-10-02 00:00:00","2025-10-30 00:00:00",,1
232,116,"Data Retention Policy","Generated Compliance Finding",Medium,Closed,"2024-09-02 00:00:00","2024-09-28 00:00:00","2024-09-26 00:00:00",0
233,117,"Anti-Bribery Policy","Generated Compliance Finding",Low,Closed,"2025-02-22 00:00:00","2025-04-06 00:00:00","2025-03-27 00:00:00",0
234,117,"Access Control Policy","Generated Compliance Finding",Medium,"In Progress","2024-02-03 00:00:00","2024-03-03 00:00:00",,1
235,118,"Access Control Policy","Generated Compliance Finding",High,Open,"2024-03-13 00:00:00","2024-05-10 00:00:00",,1
236,118,"Data Retention Policy","Generated Compliance Finding",High,Closed,"2025-03-11 00:00:00","2025-04-02 00:00:00","2025-03-29 00:00:00",0
237,119,"Data Retention Policy","Generated Compliance Finding",Medium,Open,"2024-05-25 00:00:00","2024-06-13 00:00:00",,1
238,119,"Anti-Bribery Policy","Generated Compliance Finding",Critical,"In Progress","2025-09-01 00:00:00","2025-10-22 00:00:00",,1
239,120,"Anti-Bribery Policy","Generated Compliance Finding",Low,"In Progress","2025-04-24 00:00:00","2025-06-22 00:00:00",,1
240,120,"Anti-Bribery Policy","Generated Compliance Finding",Medium,"In Progress","2025-05-27 00:00:00","2025-07-15 00:00:00",,1
241,121,"Access Control Policy","Generated Compliance Finding",Low,"In Progress","2025-09-04 00:00:00","2025-09-21 00:00:00",,1
242,121,"Vendor Compliance Policy","Generated Compliance Finding",High,Open,"2024-01-27 00:00:00","2024-02-16 00:00:00",,1
243,122,"Anti-Bribery Policy","Generated Compliance Finding",Critical,Open,"2025-08-13 00:00:00","2025-08-30 00:00:00",,1
244,122,"Anti-Bribery Policy","Generated Compliance Finding",High,Closed,"2024-10-11 00:00:00","2024-11-06 00:00:00","2024-10-30 00:00:00",0
245,123,"Access Control Policy","Generated Compliance Finding",Low,"In Progress","2025-04-26 00:00:00","2025-06-02 00:00:00",,1
246,123,"Access Control Policy","Generated Compliance Finding",Medium,Open,"2025-11-17 00:00:00","2025-12-08 00:00:00",,1
247,124,"Anti-Bribery Policy","Generated Compliance Finding",Medium,"In Progress","2025-12-11 00:00:00","2026-01-26 00:00:00",,1
248,124,"Access Control Policy","Generated Compliance Finding",High,"In Progress","2025-04-10 00:00:00","2025-04-30 00:00:00",,1
249,125,"Anti-Bribery Policy","Generated Compliance Finding",Medium,Closed,"2024-04-28 00:00:00","2024-06-07 00:00:00","2024-06-06 00:00:00",0
250,125,"Anti-Bribery Policy","Generated Compliance Finding",Medium,Closed,"2024-02-25 00:00:00","2024-03-23 00:00:00","2024-03-17 00:00:00",0
251,126,"Data Retention Policy","Generated Compliance Finding",High,"In Progress","2024-02-22 00:00:00","2024-03-21 00:00:00",,1
252,126,"Vendor Compliance Policy","Generated Compliance Finding",Medium,"In Progress","2025-03-24 00:00:00","2025-05-22 00:00:00",,1
253,127,"Data Retention Policy","Generated Compliance Finding",Low,Open,"2025-10-07 00:00:00","2025-11-29 00:00:00",,1
254,127,"Vendor Compliance Policy","Generated Compliance Finding",Medium,Closed,"2025-07-18 00:00:00","2025-08-02 00:00:00","2025-07-26 00:00:00",0
255,128,"Data Retention Policy","Generated Compliance Finding",Medium,Open,"2024-04-26 00:00:00","2024-06-09 00:00:00",,1
256,128,"Anti-Bribery Policy","Generated Compliance Finding",High,"In Progress","2025-06-05 00:00:00","2025-08-04 00:00:00",,1
257,129,"Data Retention Policy","Generated Compliance Finding",Critical,"In Progress","2025-04-28 00:00:00","2025-05-28 00:00:00",,1
258,129,"Vendor Compliance Policy","Generated Compliance Finding",Medium,Closed,"2024-07-14 00:00:00","2024-09-05 00:00:00","2024-09-02 00:00:00",0
259,130,"Vendor Compliance Policy","Generated Compliance Finding",Medium,Closed,"2025-02-28 00:00:00","2025-04-05 00:00:00","2025-03-31 00:00:00",0
260,130,"Data Retention Policy","Generated Compliance Finding",Medium,Closed,"2024-11-01 00:00:00","2024-12-23 00:00:00","2024-12-15 00:00:00",0
261,131,"Access Control Policy","Generated Compliance Finding",Medium,"In Progress","2025-07-05 00:00:00","2025-08-19 00:00:00",,1
262,131,"Data Retention Policy","Generated Compliance Finding",High,Open,"2025-04-11 00:00:00","2025-05-16 00:00:00",,1
263,132,"Access Control Policy","Generated Compliance Finding",High,Open,"2024-08-27 00:00:00","2024-10-07 00:00:00",,1
264,132,"Data Retention Policy","Generated Compliance Finding",Critical,"In Progress","2025-12-23 00:00:00","2026-01-31 00:00:00",,1
265,133,"Vendor Compliance Policy","Generated Compliance Finding",Medium,Closed,"2024-05-09 00:00:00","2024-06-25 00:00:00","2024-06-19 00:00:00",0
266,133,"Vendor Compliance Policy","Generated Compliance Finding",Critical,"In Progress","2024-04-12 00:00:00","2024-05-30 00:00:00",,1
267,134,"Vendor Compliance Policy","Generated Compliance Finding",High,Open,"2025-02-23 00:00:00","2025-04-20 00:00:00",,1
268,134,"Vendor Compliance Policy","Generated Compliance Finding",High,Closed,"2024-12-12 00:00:00","2025-02-04 00:00:00","2025-01-28 00:00:00",0
269,135,"Access Control Policy","Generated Compliance Finding",Critical,"In Progress","2025-11-21 00:00:00","2026-01-09 00:00:00",,1
270,135,"Data Retention Policy","Generated Compliance Finding",High,Closed,"2025-07-08 00:00:00","2025-07-25 00:00:00","2025-07-23 00:00:00",0
271,136,"Vendor Compliance Policy","Generated Compliance Finding",High,"In Progress","2024-08-20 00:00:00","2024-09-09 00:00:00",,1
272,136,"Vendor Compliance Policy","Generated Compliance Finding",High,Closed,"2025-03-30 00:00:00","2025-04-24 00:00:00","2025-04-19 00:00:00",0
273,137,"Access Control Policy","Generated Compliance Finding",Low,"In Progress","2024-11-28 00:00:00","2024-12-16 00:00:00",,1
274,137,"Anti-Bribery Policy","Generated Compliance Finding",Medium,Open,"2025-03-17 00:00:00","2025-04-10 00:00:00",,1
275,138,"Anti-Bribery Policy","Generated Compliance Finding",Medium,Open,"2024-06-23 00:00:00","2024-07-19 00:00:00",,1
276,138,"Data Retention Policy","Generated Compliance Finding",Medium,Open,"2025-05-24 00:00:00","2025-07-15 00:00:00",,1
277,139,"Access Control Policy","Generated Compliance Finding",Medium,"In Progress","2025-10-15 00:00:00","2025-11-15 00:00:00",,1
278,139,"Data Retention Policy","Generated Compliance Finding",Medium,Closed,"2025-04-21 00:00:00","2025-05-24 00:00:00","2025-05-15 00:00:00",0
279,140,"Anti-Bribery Policy","Generated Compliance Finding",Low,Closed,"2025-03-28 00:00:00","2025-05-04 00:00:00","2025-04-29 00:00:00",0
280,140,"Anti-Bribery Policy","Generated Compliance Finding",High,Open,"2025-04-12 00:00:00","2025-05-16 00:00:00",,1
281,141,"Access Control Policy","Generated Compliance Finding",Critical,"In Progress","2024-04-19 00:00:00","2024-05-19 00:00:00",,1
282,141,"Anti-Bribery Policy","Generated Compliance Finding",High,Open,"2025-12-17 00:00:00","2026-01-19 00:00:00",,1
283,142,"Anti-Bribery Policy","Generated Compliance Finding",Medium,Closed,"2024-01-09 00:00:00","2024-02-29 00:00:00","2024-02-28 00:00:00",0
284,142,"Data Retention Policy","Generated Compliance Finding",Critical,"In Progress","2024-08-23 00:00:00","2024-10-15 00:00:00",,1
285,143,"Vendor Compliance Policy","Generated Compliance Finding",Medium,Closed,"2025-09-27 00:00:00","2025-10-28 00:00:00","2025-10-25 00:00:00",0
286,143,"Access Control Policy","Generated Compliance Finding",Medium,Open,"2024-11-12 00:00:00","2024-12-25 00:00:00",,1
287,144,"Anti-Bribery Policy","Generated Compliance Finding",High,"In Progress","2024-04-02 00:00:00","2024-05-05 00:00:00",,1
288,144,"Access Control Policy","Generated Compliance Finding",Medium,Closed,"2024-07-24 00:00:00","2024-08-16 00:00:00","2024-08-10 00:00:00",0
289,145,"Access Control Policy","Generated Compliance Finding",High,"In Progress","2024-09-20 00:00:00","2024-11-04 00:00:00",,1
290,145,"Data Retention Policy","Generated Compliance Finding",High,Open,"2025-04-24 00:00:00","2025-05-13 00:00:00",,1
291,146,"Anti-Bribery Policy","Generated Compliance Finding",Critical,Open,"2025-07-24 00:00:00","2025-08-31 00:00:00",,1
292,146,"Anti-Bribery Policy","Generated Compliance Finding",Low,Open,"2024-09-27 00:00:00","2024-11-15 00:00:00",,1
293,147,"Anti-Bribery Policy","Generated Compliance Finding",Medium,"In Progress","2025-11-19 00:00:00","2026-01-16 00:00:00",,1
294,147,"Anti-Bribery Policy","Generated Compliance Finding",Critical,Open,"2024-04-20 00:00:00","2024-06-17 00:00:00",,1
295,148,"Data Retention Policy","Generated Compliance Finding",Low,"In Progress","2025-09-26 00:00:00","2025-11-15 00:00:00",,1
296,148,"Anti-Bribery Policy","Generated Compliance Finding",Medium,Closed,"2025-10-12 00:00:00","2025-11-25 00:00:00","2025-11-20 00:00:00",0
297,149,"Access Control Policy","Generated Compliance Finding",Low,Open,"2024-05-23 00:00:00","2024-06-09 00:00:00",,1
298,149,"Anti-Bribery Policy","Generated Compliance Finding",Medium,Closed,"2024-04-09 00:00:00","2024-05-09 00:00:00","2024-05-06 00:00:00",0
299,150,"Anti-Bribery Policy","Generated Compliance Finding",Medium,Closed,"2025-01-14 00:00:00","2025-03-12 00:00:00","2025-03-03 00:00:00",0
300,150,"Anti-Bribery Policy","Generated Compliance Finding",Medium,Open,"2025-02-28 00:00:00","2025-04-25 00:00:00",,1
301,151,"Access Control Policy","Generated Compliance Finding",Critical,Closed,"2025-02-25 00:00:00","2025-04-22 18:30:00","2025-04-18 18:30:00",0
302,151,"Vendor Compliance Policy","Generated Compliance Finding",Medium,"In Progress","2025-12-19 00:00:00","2026-01-08 18:30:00",,1
303,152,"Access Control Policy","Generated Compliance Finding",Critical,"In Progress","2024-08-15 00:00:00","2024-09-10 18:30:00",,1
304,152,"Data Retention Policy","Generated Compliance Finding",Medium,Open,"2024-08-21 00:00:00","2024-09-18 18:30:00",,1
305,153,"Access Control Policy","Generated Compliance Finding",Medium,Open,"2024-12-02 00:00:00","2025-01-02 18:30:00",,1
306,153,"Access Control Policy","Generated Compliance Finding",Medium,"In Progress","2025-10-18 00:00:00","2025-12-03 18:30:00",,1
307,154,"Access Control Policy","Generated Compliance Finding",Low,Open,"2024-04-28 00:00:00","2024-05-28 18:30:00",,1
308,154,"Access Control Policy","Generated Compliance Finding",Low,"In Progress","2024-04-21 00:00:00","2024-06-12 18:30:00",,1
309,155,"Anti-Bribery Policy","Generated Compliance Finding",Critical,Closed,"2025-03-22 00:00:00","2025-05-13 18:30:00","2025-05-11 18:30:00",0
310,155,"Vendor Compliance Policy","Generated Compliance Finding",Medium,Closed,"2024-09-17 00:00:00","2024-10-03 18:30:00","2024-09-26 18:30:00",0
311,156,"Access Control Policy","Generated Compliance Finding",Medium,Open,"2025-01-07 00:00:00","2025-02-17 18:30:00",,1
312,156,"Access Control Policy","Generated Compliance Finding",High,Closed,"2025-11-10 00:00:00","2025-12-01 18:30:00","2025-11-26 18:30:00",0
313,157,"Data Retention Policy","Generated Compliance Finding",High,Closed,"2024-11-30 00:00:00","2025-01-08 18:30:00","2025-01-03 18:30:00",0
314,157,"Data Retention Policy","Generated Compliance Finding",Medium,"In Progress","2025-03-06 00:00:00","2025-05-01 18:30:00",,1
315,158,"Access Control Policy","Generated Compliance Finding",High,Open,"2025-02-19 00:00:00","2025-04-09 18:30:00",,1
316,158,"Access Control Policy","Generated Compliance Finding",Medium,Closed,"2024-08-03 00:00:00","2024-09-13 18:30:00","2024-09-03 18:30:00",0
317,159,"Anti-Bribery Policy","Generated Compliance Finding",Medium,Closed,"2025-03-28 00:00:00","2025-05-09 18:30:00","2025-05-05 18:30:00",0
318,159,"Access Control Policy","Generated Compliance Finding",High,"In Progress","2025-11-05 00:00:00","2025-11-24 18:30:00",,1
319,160,"Data Retention Policy","Generated Compliance Finding",Low,"In Progress","2024-08-28 00:00:00","2024-10-24 18:30:00",,1
320,160,"Data Retention Policy","Generated Compliance Finding",High,Open,"2024-05-30 00:00:00","2024-06-14 18:30:00",,1
321,161,"Data Retention Policy","Generated Compliance Finding",Medium,Closed,"2025-04-11 00:00:00","2025-05-21 18:30:00","2025-05-11 18:30:00",0
322,161,"Data Retention Policy","Generated Compliance Finding",Critical,Open,"2025-05-21 00:00:00","2025-06-29 18:30:00",,1
323,162,"Data Retention Policy","Generated Compliance Finding",Medium,Open,"2024-04-19 00:00:00","2024-05-30 18:30:00",,1
324,162,"Vendor Compliance Policy","Generated Compliance Finding",Critical,Open,"2024-02-21 00:00:00","2024-04-10 18:30:00",,1
325,163,"Access Control Policy","Generated Compliance Finding",Medium,Closed,"2024-05-16 00:00:00","2024-06-28 18:30:00","2024-06-19 18:30:00",0
326,163,"Anti-Bribery Policy","Generated Compliance Finding",Critical,"In Progress","2025-09-19 00:00:00","2025-11-04 18:30:00",,1
327,164,"Data Retention Policy","Generated Compliance Finding",Medium,"In Progress","2025-05-01 00:00:00","2025-06-12 18:30:00",,1
328,164,"Access Control Policy","Generated Compliance Finding",Critical,Closed,"2025-06-17 00:00:00","2025-08-01 18:30:00","2025-07-28 18:30:00",0
329,165,"Data Retention Policy","Generated Compliance Finding",Medium,"In Progress","2024-03-20 00:00:00","2024-05-18 18:30:00",,1
330,165,"Data Retention Policy","Generated Compliance Finding",Medium,Closed,"2024-12-09 00:00:00","2025-01-12 18:30:00","2025-01-10 18:30:00",0
331,166,"Data Retention Policy","Generated Compliance Finding",Low,Closed,"2024-08-24 00:00:00","2024-10-01 18:30:00","2024-09-28 18:30:00",0
332,166,"Anti-Bribery Policy","Generated Compliance Finding",Low,"In Progress","2025-02-28 00:00:00","2025-04-09 18:30:00",,1
333,167,"Anti-Bribery Policy","Generated Compliance Finding",Medium,"In Progress","2024-03-04 00:00:00","2024-03-31 18:30:00",,1
334,167,"Vendor Compliance Policy","Generated Compliance Finding",High,"In Progress","2025-08-12 00:00:00","2025-09-19 18:30:00",,1
335,168,"Data Retention Policy","Generated Compliance Finding",Medium,"In Progress","2024-11-01 00:00:00","2024-12-09 18:30:00",,1
336,168,"Vendor Compliance Policy","Generated Compliance Finding",Medium,"In Progress","2024-10-06 00:00:00","2024-11-16 18:30:00",,1
337,169,"Data Retention Policy","Generated Compliance Finding",Medium,Closed,"2024-12-10 00:00:00","2025-02-04 18:30:00","2025-01-28 18:30:00",0
338,169,"Anti-Bribery Policy","Generated Compliance Finding",Critical,Closed,"2024-05-10 00:00:00","2024-07-02 18:30:00","2024-07-01 18:30:00",0
339,170,"Data Retention Policy","Generated Compliance Finding",Medium,"In Progress","2024-03-26 00:00:00","2024-05-20 18:30:00",,1
340,170,"Anti-Bribery Policy","Generated Compliance Finding",Critical,"In Progress","2024-07-05 00:00:00","2024-07-22 18:30:00",,1
341,171,"Access Control Policy","Generated Compliance Finding",Medium,"In Progress","2024-08-04 00:00:00","2024-09-16 18:30:00",,1
342,171,"Vendor Compliance Policy","Generated Compliance Finding",Critical,"In Progress","2024-10-11 00:00:00","2024-11-20 18:30:00",,1
343,172,"Data Retention Policy","Generated Compliance Finding",Medium,"In Progress","2025-07-06 00:00:00","2025-07-23 18:30:00",,1
344,172,"Data Retention Policy","Generated Compliance Finding",Medium,Open,"2025-10-29 00:00:00","2025-11-14 18:30:00",,1
345,173,"Data Retention Policy","Generated Compliance Finding",Medium,Open,"2024-01-21 00:00:00","2024-03-14 18:30:00",,1
346,173,"Data Retention Policy","Generated Compliance Finding",Low,Open,"2025-04-29 00:00:00","2025-06-24 18:30:00",,1
347,174,"Data Retention Policy","Generated Compliance Finding",Medium,"In Progress","2025-12-17 00:00:00","2026-01-16 18:30:00",,1
348,174,"Vendor Compliance Policy","Generated Compliance Finding",Medium,Open,"2024-06-16 00:00:00","2024-07-19 18:30:00",,1
349,175,"Anti-Bribery Policy","Generated Compliance Finding",Medium,"In Progress","2025-08-12 00:00:00","2025-10-08 18:30:00",,1
350,175,"Vendor Compliance Policy","Generated Compliance Finding",High,Closed,"2024-03-18 00:00:00","2024-05-08 18:30:00","2024-05-04 18:30:00",0
351,176,"Vendor Compliance Policy","Generated Compliance Finding",High,Open,"2025-12-01 00:00:00","2026-01-22 18:30:00",,1
352,176,"Vendor Compliance Policy","Generated Compliance Finding",Medium,Closed,"2025-06-29 00:00:00","2025-08-09 18:30:00","2025-08-03 18:30:00",0
353,177,"Vendor Compliance Policy","Generated Compliance Finding",High,"In Progress","2024-01-13 00:00:00","2024-02-22 18:30:00",,1
354,177,"Data Retention Policy","Generated Compliance Finding",Medium,"In Progress","2025-01-05 00:00:00","2025-02-28 18:30:00",,1
355,178,"Anti-Bribery Policy","Generated Compliance Finding",Medium,Closed,"2024-06-29 00:00:00","2024-08-15 18:30:00","2024-08-10 18:30:00",0
356,178,"Access Control Policy","Generated Compliance Finding",Medium,"In Progress","2025-03-22 00:00:00","2025-05-12 18:30:00",,1
357,179,"Data Retention Policy","Generated Compliance Finding",High,"In Progress","2024-03-29 00:00:00","2024-04-29 18:30:00",,1
358,179,"Access Control Policy","Generated Compliance Finding",Critical,Closed,"2025-08-06 00:00:00","2025-09-28 18:30:00","2025-09-21 18:30:00",0
359,180,"Anti-Bribery Policy","Generated Compliance Finding",Low,Open,"2025-05-21 00:00:00","2025-06-24 18:30:00",,1
360,180,"Access Control Policy","Generated Compliance Finding",Medium,"In Progress","2024-12-29 00:00:00","2025-01-28 18:30:00",,1
361,181,"Vendor Compliance Policy","Generated Compliance Finding",High,Closed,"2025-07-23 00:00:00","2025-08-06 18:30:00","2025-08-02 18:30:00",0
362,181,"Anti-Bribery Policy","Generated Compliance Finding",Medium,Closed,"2025-02-20 00:00:00","2025-04-06 18:30:00","2025-04-02 18:30:00",0
363,182,"Access Control Policy","Generated Compliance Finding",High,Open,"2025-04-03 00:00:00","2025-04-18 18:30:00",,1
364,182,"Access Control Policy","Generated Compliance Finding",Medium,Open,"2025-02-18 00:00:00","2025-04-17 18:30:00",,1
365,183,"Anti-Bribery Policy","Generated Compliance Finding",High,Closed,"2025-04-29 00:00:00","2025-06-17 18:30:00","2025-06-11 18:30:00",0
366,183,"Access Control Policy","Generated Compliance Finding",Critical,"In Progress","2024-12-26 00:00:00","2025-02-22 18:30:00",,1
367,184,"Data Retention Policy","Generated Compliance Finding",Medium,Open,"2024-09-14 00:00:00","2024-10-12 18:30:00",,1
368,184,"Data Retention Policy","Generated Compliance Finding",Medium,Closed,"2024-05-02 00:00:00","2024-06-19 18:30:00","2024-06-16 18:30:00",0
369,185,"Access Control Policy","Generated Compliance Finding",Medium,Closed,"2025-05-10 00:00:00","2025-06-10 18:30:00","2025-05-31 18:30:00",0
370,185,"Access Control Policy","Generated Compliance Finding",Low,Open,"2024-07-17 00:00:00","2024-08-18 18:30:00",,1
371,186,"Data Retention Policy","Generated Compliance Finding",Medium,Closed,"2024-11-05 00:00:00","2024-11-19 18:30:00","2024-11-10 18:30:00",0
372,186,"Data Retention Policy","Generated Compliance Finding",Medium,Closed,"2024-02-16 00:00:00","2024-03-04 18:30:00","2024-02-28 18:30:00",0
373,187,"Anti-Bribery Policy","Generated Compliance Finding",High,Closed,"2024-04-15 00:00:00","2024-04-29 18:30:00","2024-04-24 18:30:00",0
374,187,"Access Control Policy","Generated Compliance Finding",High,Open,"2024-12-14 00:00:00","2025-01-08 18:30:00",,1
375,188,"Anti-Bribery Policy","Generated Compliance Finding",Critical,"In Progress","2024-04-26 00:00:00","2024-05-14 18:30:00",,1
376,188,"Data Retention Policy","Generated Compliance Finding",Low,Closed,"2025-08-13 00:00:00","2025-10-06 18:30:00","2025-10-05 18:30:00",0
377,189,"Data Retention Policy","Generated Compliance Finding",Low,Open,"2025-07-30 00:00:00","2025-09-01 18:30:00",,1
378,189,"Data Retention Policy","Generated Compliance Finding",Low,Closed,"2025-07-25 00:00:00","2025-09-03 18:30:00","2025-08-24 18:30:00",0
379,190,"Anti-Bribery Policy","Generated Compliance Finding",Critical,"In Progress","2025-04-06 00:00:00","2025-05-18 18:30:00",,1
380,190,"Vendor Compliance Policy","Generated Compliance Finding",Medium,Open,"2025-08-05 00:00:00","2025-09-27 18:30:00",,1
381,191,"Vendor Compliance Policy","Generated Compliance Finding",High,"In Progress","2025-10-02 00:00:00","2025-10-29 18:30:00",,1
382,191,"Data Retention Policy","Generated Compliance Finding",Medium,Closed,"2024-09-02 00:00:00","2024-09-27 18:30:00","2024-09-25 18:30:00",0
383,192,"Anti-Bribery Policy","Generated Compliance Finding",Low,Closed,"2025-02-22 00:00:00","2025-04-05 18:30:00","2025-03-26 18:30:00",0
384,192,"Access Control Policy","Generated Compliance Finding",Medium,"In Progress","2024-02-03 00:00:00","2024-03-02 18:30:00",,1
385,193,"Access Control Policy","Generated Compliance Finding",High,Open,"2024-03-13 00:00:00","2024-05-09 18:30:00",,1
386,193,"Data Retention Policy","Generated Compliance Finding",High,Closed,"2025-03-11 00:00:00","2025-04-01 18:30:00","2025-03-28 18:30:00",0
387,194,"Data Retention Policy","Generated Compliance Finding",Medium,Open,"2024-05-25 00:00:00","2024-06-12 18:30:00",,1
388,194,"Anti-Bribery Policy","Generated Compliance Finding",Critical,"In Progress","2025-09-01 00:00:00","2025-10-21 18:30:00",,1
389,195,"Anti-Bribery Policy","Generated Compliance Finding",Low,"In Progress","2025-04-24 00:00:00","2025-06-21 18:30:00",,1
390,195,"Anti-Bribery Policy","Generated Compliance Finding",Medium,"In Progress","2025-05-27 00:00:00","2025-07-14 18:30:00",,1
391,196,"Access Control Policy","Generated Compliance Finding",Low,"In Progress","2025-09-04 00:00:00","2025-09-20 18:30:00",,1
392,196,"Vendor Compliance Policy","Generated Compliance Finding",High,Open,"2024-01-27 00:00:00","2024-02-15 18:30:00",,1
393,197,"Anti-Bribery Policy","Generated Compliance Finding",Critical,Open,"2025-08-13 00:00:00","2025-08-29 18:30:00",,1
394,197,"Anti-Bribery Policy","Generated Compliance Finding",High,Closed,"2024-10-11 00:00:00","2024-11-05 18:30:00","2024-10-29 18:30:00",0
395,198,"Access Control Policy","Generated Compliance Finding",Low,"In Progress","2025-04-26 00:00:00","2025-06-01 18:30:00",,1
396,198,"Access Control Policy","Generated Compliance Finding",Medium,Open,"2025-11-17 00:00:00","2025-12-07 18:30:00",,1
397,199,"Anti-Bribery Policy","Generated Compliance Finding",Medium,"In Progress","2025-12-11 00:00:00","2026-01-25 18:30:00",,1
398,199,"Access Control Policy","Generated Compliance Finding",High,"In Progress","2025-04-10 00:00:00","2025-04-29 18:30:00",,1
399,200,"Anti-Bribery Policy","Generated Compliance Finding",Medium,Closed,"2024-04-28 00:00:00","2024-06-06 18:30:00","2024-06-05 18:30:00",0
400,200,"Anti-Bribery Policy","Generated Compliance Finding",Medium,Closed,"2024-02-25 00:00:00","2024-03-22 18:30:00","2024-03-16 18:30:00",0
401,201,"Data Retention Policy","Generated Compliance Finding",High,"In Progress","2024-02-22 00:00:00","2024-03-20 18:30:00",,1
402,201,"Vendor Compliance Policy","Generated Compliance Finding",Medium,"In Progress","2025-03-24 00:00:00","2025-05-21 18:30:00",,1
403,202,"Data Retention Policy","Generated Compliance Finding",Low,Open,"2025-10-07 00:00:00","2025-11-28 18:30:00",,1
404,202,"Vendor Compliance Policy","Generated Compliance Finding",Medium,Closed,"2025-07-18 00:00:00","2025-08-01 18:30:00","2025-07-25 18:30:00",0
405,203,"Data Retention Policy","Generated Compliance Finding",Medium,Open,"2024-04-26 00:00:00","2024-06-08 18:30:00",,1
406,203,"Anti-Bribery Policy","Generated Compliance Finding",High,"In Progress","2025-06-05 00:00:00","2025-08-03 18:30:00",,1
407,204,"Data Retention Policy","Generated Compliance Finding",Critical,"In Progress","2025-04-28 00:00:00","2025-05-27 18:30:00",,1
408,204,"Vendor Compliance Policy","Generated Compliance Finding",Medium,Closed,"2024-07-14 00:00:00","2024-09-04 18:30:00","2024-09-01 18:30:00",0
409,205,"Vendor Compliance Policy","Generated Compliance Finding",Medium,Closed,"2025-02-28 00:00:00","2025-04-04 18:30:00","2025-03-30 18:30:00",0
410,205,"Data Retention Policy","Generated Compliance Finding",Medium,Closed,"2024-11-01 00:00:00","2024-12-22 18:30:00","2024-12-14 18:30:00",0
411,206,"Access Control Policy","Generated Compliance Finding",Medium,"In Progress","2025-07-05 00:00:00","2025-08-18 18:30:00",,1
412,206,"Data Retention Policy","Generated Compliance Finding",High,Open,"2025-04-11 00:00:00","2025-05-15 18:30:00",,1
413,207,"Access Control Policy","Generated Compliance Finding",High,Open,"2024-08-27 00:00:00","2024-10-06 18:30:00",,1
414,207,"Data Retention Policy","Generated Compliance Finding",Critical,"In Progress","2025-12-23 00:00:00","2026-01-30 18:30:00",,1
415,208,"Vendor Compliance Policy","Generated Compliance Finding",Medium,Closed,"2024-05-09 00:00:00","2024-06-24 18:30:00","2024-06-18 18:30:00",0
416,208,"Vendor Compliance Policy","Generated Compliance Finding",Critical,"In Progress","2024-04-12 00:00:00","2024-05-29 18:30:00",,1
417,209,"Vendor Compliance Policy","Generated Compliance Finding",High,Open,"2025-02-23 00:00:00","2025-04-19 18:30:00",,1
418,209,"Vendor Compliance Policy","Generated Compliance Finding",High,Closed,"2024-12-12 00:00:00","2025-02-03 18:30:00","2025-01-27 18:30:00",0
419,210,"Access Control Policy","Generated Compliance Finding",Critical,"In Progress","2025-11-21 00:00:00","2026-01-08 18:30:00",,1
420,210,"Data Retention Policy","Generated Compliance Finding",High,Closed,"2025-07-08 00:00:00","2025-07-24 18:30:00","2025-07-22 18:30:00",0
421,211,"Vendor Compliance Policy","Generated Compliance Finding",High,"In Progress","2024-08-20 00:00:00","2024-09-08 18:30:00",,1
422,211,"Vendor Compliance Policy","Generated Compliance Finding",High,Closed,"2025-03-30 00:00:00","2025-04-23 18:30:00","2025-04-18 18:30:00",0
423,212,"Access Control Policy","Generated Compliance Finding",Low,"In Progress","2024-11-28 00:00:00","2024-12-15 18:30:00",,1
424,212,"Anti-Bribery Policy","Generated Compliance Finding",Medium,Open,"2025-03-17 00:00:00","2025-04-09 18:30:00",,1
425,213,"Anti-Bribery Policy","Generated Compliance Finding",Medium,Open,"2024-06-23 00:00:00","2024-07-18 18:30:00",,1
426,213,"Data Retention Policy","Generated Compliance Finding",Medium,Open,"2025-05-24 00:00:00","2025-07-14 18:30:00",,1
427,214,"Access Control Policy","Generated Compliance Finding",Medium,"In Progress","2025-10-15 00:00:00","2025-11-14 18:30:00",,1
428,214,"Data Retention Policy","Generated Compliance Finding",Medium,Closed,"2025-04-21 00:00:00","2025-05-23 18:30:00","2025-05-14 18:30:00",0
429,215,"Anti-Bribery Policy","Generated Compliance Finding",Low,Closed,"2025-03-28 00:00:00","2025-05-03 18:30:00","2025-04-28 18:30:00",0
430,215,"Anti-Bribery Policy","Generated Compliance Finding",High,Open,"2025-04-12 00:00:00","2025-05-15 18:30:00",,1
431,216,"Access Control Policy","Generated Compliance Finding",Critical,"In Progress","2024-04-19 00:00:00","2024-05-18 18:30:00",,1
432,216,"Anti-Bribery Policy","Generated Compliance Finding",High,Open,"2025-12-17 00:00:00","2026-01-18 18:30:00",,1
433,217,"Anti-Bribery Policy","Generated Compliance Finding",Medium,Closed,"2024-01-09 00:00:00","2024-02-28 18:30:00","2024-02-27 18:30:00",0
434,217,"Data Retention Policy","Generated Compliance Finding",Critical,"In Progress","2024-08-23 00:00:00","2024-10-14 18:30:00",,1
435,218,"Vendor Compliance Policy","Generated Compliance Finding",Medium,Closed,"2025-09-27 00:00:00","2025-10-27 18:30:00","2025-10-24 18:30:00",0
436,218,"Access Control Policy","Generated Compliance Finding",Medium,Open,"2024-11-12 00:00:00","2024-12-24 18:30:00",,1
437,219,"Anti-Bribery Policy","Generated Compliance Finding",High,"In Progress","2024-04-02 00:00:00","2024-05-04 18:30:00",,1
438,219,"Access Control Policy","Generated Compliance Finding",Medium,Closed,"2024-07-24 00:00:00","2024-08-15 18:30:00","2024-08-09 18:30:00",0
439,220,"Access Control Policy","Generated Compliance Finding",High,"In Progress","2024-09-20 00:00:00","2024-11-03 18:30:00",,1
440,220,"Data Retention Policy","Generated Compliance Finding",High,Open,"2025-04-24 00:00:00","2025-05-12 18:30:00",,1
441,221,"Anti-Bribery Policy","Generated Compliance Finding",Critical,Open,"2025-07-24 00:00:00","2025-08-30 18:30:00",,1
442,221,"Anti-Bribery Policy","Generated Compliance Finding",Low,Open,"2024-09-27 00:00:00","2024-11-14 18:30:00",,1
443,222,"Anti-Bribery Policy","Generated Compliance Finding",Medium,"In Progress","2025-11-19 00:00:00","2026-01-15 18:30:00",,1
444,222,"Anti-Bribery Policy","Generated Compliance Finding",Critical,Open,"2024-04-20 00:00:00","2024-06-16 18:30:00",,1
445,223,"Data Retention Policy","Generated Compliance Finding",Low,"In Progress","2025-09-26 00:00:00","2025-11-14 18:30:00",,1
446,223,"Anti-Bribery Policy","Generated Compliance Finding",Medium,Closed,"2025-10-12 00:00:00","2025-11-24 18:30:00","2025-11-19 18:30:00",0
447,224,"Access Control Policy","Generated Compliance Finding",Low,Open,"2024-05-23 00:00:00","2024-06-08 18:30:00",,1
448,224,"Anti-Bribery Policy","Generated Compliance Finding",Medium,Closed,"2024-04-09 00:00:00","2024-05-08 18:30:00","2024-05-05 18:30:00",0
449,225,"Anti-Bribery Policy","Generated Compliance Finding",Medium,Closed,"2025-01-14 00:00:00","2025-03-11 18:30:00","2025-03-02 18:30:00",0
450,225,"Anti-Bribery Policy","Generated Compliance Finding",Medium,Open,"2025-02-28 00:00:00","2025-04-24 18:30:00",,1
451,226,"Access Control Policy","Generated Compliance Finding",Critical,Closed,"2025-02-25 00:00:00","2025-04-22 18:30:00","2025-04-18 18:30:00",0
452,226,"Vendor Compliance Policy","Generated Compliance Finding",Medium,"In Progress","2025-12-19 00:00:00","2026-01-08 18:30:00",,1
453,227,"Access Control Policy","Generated Compliance Finding",Critical,"In Progress","2024-08-15 00:00:00","2024-09-10 18:30:00",,1
454,227,"Data Retention Policy","Generated Compliance Finding",Medium,Open,"2024-08-21 00:00:00","2024-09-18 18:30:00",,1
455,228,"Access Control Policy","Generated Compliance Finding",Medium,Open,"2024-12-02 00:00:00","2025-01-02 18:30:00",,1
456,228,"Access Control Policy","Generated Compliance Finding",Medium,"In Progress","2025-10-18 00:00:00","2025-12-03 18:30:00",,1
457,229,"Access Control Policy","Generated Compliance Finding",Low,Open,"2024-04-28 00:00:00","2024-05-28 18:30:00",,1
458,229,"Access Control Policy","Generated Compliance Finding",Low,"In Progress","2024-04-21 00:00:00","2024-06-12 18:30:00",,1
459,230,"Anti-Bribery Policy","Generated Compliance Finding",Critical,Closed,"2025-03-22 00:00:00","2025-05-13 18:30:00","2025-05-11 18:30:00",0
460,230,"Vendor Compliance Policy","Generated Compliance Finding",Medium,Closed,"2024-09-17 00:00:00","2024-10-03 18:30:00","2024-09-26 18:30:00",0
461,231,"Access Control Policy","Generated Compliance Finding",Medium,Open,"2025-01-07 00:00:00","2025-02-17 18:30:00",,1
462,231,"Access Control Policy","Generated Compliance Finding",High,Closed,"2025-11-10 00:00:00","2025-12-01 18:30:00","2025-11-26 18:30:00",0
463,232,"Data Retention Policy","Generated Compliance Finding",High,Closed,"2024-11-30 00:00:00","2025-01-08 18:30:00","2025-01-03 18:30:00",0
464,232,"Data Retention Policy","Generated Compliance Finding",Medium,"In Progress","2025-03-06 00:00:00","2025-05-01 18:30:00",,1
465,233,"Access Control Policy","Generated Compliance Finding",High,Open,"2025-02-19 00:00:00","2025-04-09 18:30:00",,1
466,233,"Access Control Policy","Generated Compliance Finding",Medium,Closed,"2024-08-03 00:00:00","2024-09-13 18:30:00","2024-09-03 18:30:00",0
467,234,"Anti-Bribery Policy","Generated Compliance Finding",Medium,Closed,"2025-03-28 00:00:00","2025-05-09 18:30:00","2025-05-05 18:30:00",0
468,234,"Access Control Policy","Generated Compliance Finding",High,"In Progress","2025-11-05 00:00:00","2025-11-24 18:30:00",,1
469,235,"Data Retention Policy","Generated Compliance Finding",Low,"In Progress","2024-08-28 00:00:00","2024-10-24 18:30:00",,1
470,235,"Data Retention Policy","Generated Compliance Finding",High,Open,"2024-05-30 00:00:00","2024-06-14 18:30:00",,1
471,236,"Data Retention Policy","Generated Compliance Finding",Medium,Closed,"2025-04-11 00:00:00","2025-05-21 18:30:00","2025-05-11 18:30:00",0
472,236,"Data Retention Policy","Generated Compliance Finding",Critical,Open,"2025-05-21 00:00:00","2025-06-29 18:30:00",,1
473,237,"Data Retention Policy","Generated Compliance Finding",Medium,Open,"2024-04-19 00:00:00","2024-05-30 18:30:00",,1
474,237,"Vendor Compliance Policy","Generated Compliance Finding",Critical,Open,"2024-02-21 00:00:00","2024-04-10 18:30:00",,1
475,238,"Access Control Policy","Generated Compliance Finding",Medium,Closed,"2024-05-16 00:00:00","2024-06-28 18:30:00","2024-06-19 18:30:00",0
476,238,"Anti-Bribery Policy","Generated Compliance Finding",Critical,"In Progress","2025-09-19 00:00:00","2025-11-04 18:30:00",,1
477,239,"Data Retention Policy","Generated Compliance Finding",Medium,"In Progress","2025-05-01 00:00:00","2025-06-12 18:30:00",,1
478,239,"Access Control Policy","Generated Compliance Finding",Critical,Closed,"2025-06-17 00:00:00","2025-08-01 18:30:00","2025-07-28 18:30:00",0
479,240,"Data Retention Policy","Generated Compliance Finding",Medium,"In Progress","2024-03-20 00:00:00","2024-05-18 18:30:00",,1
480,240,"Data Retention Policy","Generated Compliance Finding",Medium,Closed,"2024-12-09 00:00:00","2025-01-12 18:30:00","2025-01-10 18:30:00",0
481,241,"Data Retention Policy","Generated Compliance Finding",Low,Closed,"2024-08-24 00:00:00","2024-10-01 18:30:00","2024-09-28 18:30:00",0
482,241,"Anti-Bribery Policy","Generated Compliance Finding",Low,"In Progress","2025-02-28 00:00:00","2025-04-09 18:30:00",,1
483,242,"Anti-Bribery Policy","Generated Compliance Finding",Medium,"In Progress","2024-03-04 00:00:00","2024-03-31 18:30:00",,1
484,242,"Vendor Compliance Policy","Generated Compliance Finding",High,"In Progress","2025-08-12 00:00:00","2025-09-19 18:30:00",,1
485,243,"Data Retention Policy","Generated Compliance Finding",Medium,"In Progress","2024-11-01 00:00:00","2024-12-09 18:30:00",,1
486,243,"Vendor Compliance Policy","Generated Compliance Finding",Medium,"In Progress","2024-10-06 00:00:00","2024-11-16 18:30:00",,1
487,244,"Data Retention Policy","Generated Compliance Finding",Medium,Closed,"2024-12-10 00:00:00","2025-02-04 18:30:00","2025-01-28 18:30:00",0
488,244,"Anti-Bribery Policy","Generated Compliance Finding",Critical,Closed,"2024-05-10 00:00:00","2024-07-02 18:30:00","2024-07-01 18:30:00",0
489,245,"Data Retention Policy","Generated Compliance Finding",Medium,"In Progress","2024-03-26 00:00:00","2024-05-20 18:30:00",,1
490,245,"Anti-Bribery Policy","Generated Compliance Finding",Critical,"In Progress","2024-07-05 00:00:00","2024-07-22 18:30:00",,1
491,246,"Access Control Policy","Generated Compliance Finding",Medium,"In Progress","2024-08-04 00:00:00","2024-09-16 18:30:00",,1
492,246,"Vendor Compliance Policy","Generated Compliance Finding",Critical,"In Progress","2024-10-11 00:00:00","2024-11-20 18:30:00",,1
493,247,"Data Retention Policy","Generated Compliance Finding",Medium,"In Progress","2025-07-06 00:00:00","2025-07-23 18:30:00",,1
494,247,"Data Retention Policy","Generated Compliance Finding",Medium,Open,"2025-10-29 00:00:00","2025-11-14 18:30:00",,1
495,248,"Data Retention Policy","Generated Compliance Finding",Medium,Open,"2024-01-21 00:00:00","2024-03-14 18:30:00",,1
496,248,"Data Retention Policy","Generated Compliance Finding",Low,Open,"2025-04-29 00:00:00","2025-06-24 18:30:00",,1
497,249,"Data Retention Policy","Generated Compliance Finding",Medium,"In Progress","2025-12-17 00:00:00","2026-01-16 18:30:00",,1
498,249,"Vendor Compliance Policy","Generated Compliance Finding",Medium,Open,"2024-06-16 00:00:00","2024-07-19 18:30:00",,1
499,250,"Anti-Bribery Policy","Generated Compliance Finding",Medium,"In Progress","2025-08-12 00:00:00","2025-10-08 18:30:00",,1
500,250,"Vendor Compliance Policy","Generated Compliance Finding",High,Closed,"2024-03-18 00:00:00","2024-05-08 18:30:00","2024-05-04 18:30:00",0
501,251,"Vendor Compliance Policy","Generated Compliance Finding",High,Open,"2025-12-01 00:00:00","2026-01-22 18:30:00",,1
502,251,"Vendor Compliance Policy","Generated Compliance Finding",Medium,Closed,"2025-06-29 00:00:00","2025-08-09 18:30:00","2025-08-03 18:30:00",0
503,252,"Vendor Compliance Policy","Generated Compliance Finding",High,"In Progress","2024-01-13 00:00:00","2024-02-22 18:30:00",,1
504,252,"Data Retention Policy","Generated Compliance Finding",Medium,"In Progress","2025-01-05 00:00:00","2025-02-28 18:30:00",,1
505,253,"Anti-Bribery Policy","Generated Compliance Finding",Medium,Closed,"2024-06-29 00:00:00","2024-08-15 18:30:00","2024-08-10 18:30:00",0
506,253,"Access Control Policy","Generated Compliance Finding",Medium,"In Progress","2025-03-22 00:00:00","2025-05-12 18:30:00",,1
507,254,"Data Retention Policy","Generated Compliance Finding",High,"In Progress","2024-03-29 00:00:00","2024-04-29 18:30:00",,1
508,254,"Access Control Policy","Generated Compliance Finding",Critical,Closed,"2025-08-06 00:00:00","2025-09-28 18:30:00","2025-09-21 18:30:00",0
509,255,"Anti-Bribery Policy","Generated Compliance Finding",Low,Open,"2025-05-21 00:00:00","2025-06-24 18:30:00",,1
510,255,"Access Control Policy","Generated Compliance Finding",Medium,"In Progress","2024-12-29 00:00:00","2025-01-28 18:30:00",,1
511,256,"Vendor Compliance Policy","Generated Compliance Finding",High,Closed,"2025-07-23 00:00:00","2025-08-06 18:30:00","2025-08-02 18:30:00",0
512,256,"Anti-Bribery Policy","Generated Compliance Finding",Medium,Closed,"2025-02-20 00:00:00","2025-04-06 18:30:00","2025-04-02 18:30:00",0
513,257,"Access Control Policy","Generated Compliance Finding",High,Open,"2025-04-03 00:00:00","2025-04-18 18:30:00",,1
514,257,"Access Control Policy","Generated Compliance Finding",Medium,Open,"2025-02-18 00:00:00","2025-04-17 18:30:00",,1
515,258,"Anti-Bribery Policy","Generated Compliance Finding",High,Closed,"2025-04-29 00:00:00","2025-06-17 18:30:00","2025-06-11 18:30:00",0
516,258,"Access Control Policy","Generated Compliance Finding",Critical,"In Progress","2024-12-26 00:00:00","2025-02-22 18:30:00",,1
517,259,"Data Retention Policy","Generated Compliance Finding",Medium,Open,"2024-09-14 00:00:00","2024-10-12 18:30:00",,1
518,259,"Data Retention Policy","Generated Compliance Finding",Medium,Closed,"2024-05-02 00:00:00","2024-06-19 18:30:00","2024-06-16 18:30:00",0
519,260,"Access Control Policy","Generated Compliance Finding",Medium,Closed,"2025-05-10 00:00:00","2025-06-10 18:30:00","2025-05-31 18:30:00",0
520,260,"Access Control Policy","Generated Compliance Finding",Low,Open,"2024-07-17 00:00:00","2024-08-18 18:30:00",,1
521,261,"Data Retention Policy","Generated Compliance Finding",Medium,Closed,"2024-11-05 00:00:00","2024-11-19 18:30:00","2024-11-10 18:30:00",0
522,261,"Data Retention Policy","Generated Compliance Finding",Medium,Closed,"2024-02-16 00:00:00","2024-03-04 18:30:00","2024-02-28 18:30:00",0
523,262,"Anti-Bribery Policy","Generated Compliance Finding",High,Closed,"2024-04-15 00:00:00","2024-04-29 18:30:00","2024-04-24 18:30:00",0
524,262,"Access Control Policy","Generated Compliance Finding",High,Open,"2024-12-14 00:00:00","2025-01-08 18:30:00",,1
525,263,"Anti-Bribery Policy","Generated Compliance Finding",Critical,"In Progress","2024-04-26 00:00:00","2024-05-14 18:30:00",,1
526,263,"Data Retention Policy","Generated Compliance Finding",Low,Closed,"2025-08-13 00:00:00","2025-10-06 18:30:00","2025-10-05 18:30:00",0
527,264,"Data Retention Policy","Generated Compliance Finding",Low,Open,"2025-07-30 00:00:00","2025-09-01 18:30:00",,1
528,264,"Data Retention Policy","Generated Compliance Finding",Low,Closed,"2025-07-25 00:00:00","2025-09-03 18:30:00","2025-08-24 18:30:00",0
529,265,"Anti-Bribery Policy","Generated Compliance Finding",Critical,"In Progress","2025-04-06 00:00:00","2025-05-18 18:30:00",,1
530,265,"Vendor Compliance Policy","Generated Compliance Finding",Medium,Open,"2025-08-05 00:00:00","2025-09-27 18:30:00",,1
531,266,"Vendor Compliance Policy","Generated Compliance Finding",High,"In Progress","2025-10-02 00:00:00","2025-10-29 18:30:00",,1
532,266,"Data Retention Policy","Generated Compliance Finding",Medium,Closed,"2024-09-02 00:00:00","2024-09-27 18:30:00","2024-09-25 18:30:00",0
533,267,"Anti-Bribery Policy","Generated Compliance Finding",Low,Closed,"2025-02-22 00:00:00","2025-04-05 18:30:00","2025-03-26 18:30:00",0
534,267,"Access Control Policy","Generated Compliance Finding",Medium,"In Progress","2024-02-03 00:00:00","2024-03-02 18:30:00",,1
535,268,"Access Control Policy","Generated Compliance Finding",High,Open,"2024-03-13 00:00:00","2024-05-09 18:30:00",,1
536,268,"Data Retention Policy","Generated Compliance Finding",High,Closed,"2025-03-11 00:00:00","2025-04-01 18:30:00","2025-03-28 18:30:00",0
537,269,"Data Retention Policy","Generated Compliance Finding",Medium,Open,"2024-05-25 00:00:00","2024-06-12 18:30:00",,1
538,269,"Anti-Bribery Policy","Generated Compliance Finding",Critical,"In Progress","2025-09-01 00:00:00","2025-10-21 18:30:00",,1
539,270,"Anti-Bribery Policy","Generated Compliance Finding",Low,"In Progress","2025-04-24 00:00:00","2025-06-21 18:30:00",,1
540,270,"Anti-Bribery Policy","Generated Compliance Finding",Medium,"In Progress","2025-05-27 00:00:00","2025-07-14 18:30:00",,1
541,271,"Access Control Policy","Generated Compliance Finding",Low,"In Progress","2025-09-04 00:00:00","2025-09-20 18:30:00",,1
542,271,"Vendor Compliance Policy","Generated Compliance Finding",High,Open,"2024-01-27 00:00:00","2024-02-15 18:30:00",,1
543,272,"Anti-Bribery Policy","Generated Compliance Finding",Critical,Open,"2025-08-13 00:00:00","2025-08-29 18:30:00",,1
544,272,"Anti-Bribery Policy","Generated Compliance Finding",High,Closed,"2024-10-11 00:00:00","2024-11-05 18:30:00","2024-10-29 18:30:00",0
545,273,"Access Control Policy","Generated Compliance Finding",Low,"In Progress","2025-04-26 00:00:00","2025-06-01 18:30:00",,1
546,273,"Access Control Policy","Generated Compliance Finding",Medium,Open,"2025-11-17 00:00:00","2025-12-07 18:30:00",,1
547,274,"Anti-Bribery Policy","Generated Compliance Finding",Medium,"In Progress","2025-12-11 00:00:00","2026-01-25 18:30:00",,1
548,274,"Access Control Policy","Generated Compliance Finding",High,"In Progress","2025-04-10 00:00:00","2025-04-29 18:30:00",,1
549,275,"Anti-Bribery Policy","Generated Compliance Finding",Medium,Closed,"2024-04-28 00:00:00","2024-06-06 18:30:00","2024-06-05 18:30:00",0
550,275,"Anti-Bribery Policy","Generated Compliance Finding",Medium,Closed,"2024-02-25 00:00:00","2024-03-22 18:30:00","2024-03-16 18:30:00",0
551,276,"Data Retention Policy","Generated Compliance Finding",High,"In Progress","2024-02-22 00:00:00","2024-03-20 18:30:00",,1
552,276,"Vendor Compliance Policy","Generated Compliance Finding",Medium,"In Progress","2025-03-24 00:00:00","2025-05-21 18:30:00",,1
553,277,"Data Retention Policy","Generated Compliance Finding",Low,Open,"2025-10-07 00:00:00","2025-11-28 18:30:00",,1
554,277,"Vendor Compliance Policy","Generated Compliance Finding",Medium,Closed,"2025-07-18 00:00:00","2025-08-01 18:30:00","2025-07-25 18:30:00",0
555,278,"Data Retention Policy","Generated Compliance Finding",Medium,Open,"2024-04-26 00:00:00","2024-06-08 18:30:00",,1
556,278,"Anti-Bribery Policy","Generated Compliance Finding",High,"In Progress","2025-06-05 00:00:00","2025-08-03 18:30:00",,1
557,279,"Data Retention Policy","Generated Compliance Finding",Critical,"In Progress","2025-04-28 00:00:00","2025-05-27 18:30:00",,1
558,279,"Vendor Compliance Policy","Generated Compliance Finding",Medium,Closed,"2024-07-14 00:00:00","2024-09-04 18:30:00","2024-09-01 18:30:00",0
559,280,"Vendor Compliance Policy","Generated Compliance Finding",Medium,Closed,"2025-02-28 00:00:00","2025-04-04 18:30:00","2025-03-30 18:30:00",0
560,280,"Data Retention Policy","Generated Compliance Finding",Medium,Closed,"2024-11-01 00:00:00","2024-12-22 18:30:00","2024-12-14 18:30:00",0
561,281,"Access Control Policy","Generated Compliance Finding",Medium,"In Progress","2025-07-05 00:00:00","2025-08-18 18:30:00",,1
562,281,"Data Retention Policy","Generated Compliance Finding",High,Open,"2025-04-11 00:00:00","2025-05-15 18:30:00",,1
563,282,"Access Control Policy","Generated Compliance Finding",High,Open,"2024-08-27 00:00:00","2024-10-06 18:30:00",,1
564,282,"Data Retention Policy","Generated Compliance Finding",Critical,"In Progress","2025-12-23 00:00:00","2026-01-30 18:30:00",,1
565,283,"Vendor Compliance Policy","Generated Compliance Finding",Medium,Closed,"2024-05-09 00:00:00","2024-06-24 18:30:00","2024-06-18 18:30:00",0
566,283,"Vendor Compliance Policy","Generated Compliance Finding",Critical,"In Progress","2024-04-12 00:00:00","2024-05-29 18:30:00",,1
567,284,"Vendor Compliance Policy","Generated Compliance Finding",High,Open,"2025-02-23 00:00:00","2025-04-19 18:30:00",,1
568,284,"Vendor Compliance Policy","Generated Compliance Finding",High,Closed,"2024-12-12 00:00:00","2025-02-03 18:30:00","2025-01-27 18:30:00",0
569,285,"Access Control Policy","Generated Compliance Finding",Critical,"In Progress","2025-11-21 00:00:00","2026-01-08 18:30:00",,1
570,285,"Data Retention Policy","Generated Compliance Finding",High,Closed,"2025-07-08 00:00:00","2025-07-24 18:30:00","2025-07-22 18:30:00",0
571,286,"Vendor Compliance Policy","Generated Compliance Finding",High,"In Progress","2024-08-20 00:00:00","2024-09-08 18:30:00",,1
572,286,"Vendor Compliance Policy","Generated Compliance Finding",High,Closed,"2025-03-30 00:00:00","2025-04-23 18:30:00","2025-04-18 18:30:00",0
573,287,"Access Control Policy","Generated Compliance Finding",Low,"In Progress","2024-11-28 00:00:00","2024-12-15 18:30:00",,1
574,287,"Anti-Bribery Policy","Generated Compliance Finding",Medium,Open,"2025-03-17 00:00:00","2025-04-09 18:30:00",,1
575,288,"Anti-Bribery Policy","Generated Compliance Finding",Medium,Open,"2024-06-23 00:00:00","2024-07-18 18:30:00",,1
576,288,"Data Retention Policy","Generated Compliance Finding",Medium,Open,"2025-05-24 00:00:00","2025-07-14 18:30:00",,1
577,289,"Access Control Policy","Generated Compliance Finding",Medium,"In Progress","2025-10-15 00:00:00","2025-11-14 18:30:00",,1
578,289,"Data Retention Policy","Generated Compliance Finding",Medium,Closed,"2025-04-21 00:00:00","2025-05-23 18:30:00","2025-05-14 18:30:00",0
579,290,"Anti-Bribery Policy","Generated Compliance Finding",Low,Closed,"2025-03-28 00:00:00","2025-05-03 18:30:00","2025-04-28 18:30:00",0
580,290,"Anti-Bribery Policy","Generated Compliance Finding",High,Open,"2025-04-12 00:00:00","2025-05-15 18:30:00",,1
581,291,"Access Control Policy","Generated Compliance Finding",Critical,"In Progress","2024-04-19 00:00:00","2024-05-18 18:30:00",,1
582,291,"Anti-Bribery Policy","Generated Compliance Finding",High,Open,"2025-12-17 00:00:00","2026-01-18 18:30:00",,1
583,292,"Anti-Bribery Policy","Generated Compliance Finding",Medium,Closed,"2024-01-09 00:00:00","2024-02-28 18:30:00","2024-02-27 18:30:00",0
584,292,"Data Retention Policy","Generated Compliance Finding",Critical,"In Progress","2024-08-23 00:00:00","2024-10-14 18:30:00",,1
585,293,"Vendor Compliance Policy","Generated Compliance Finding",Medium,Closed,"2025-09-27 00:00:00","2025-10-27 18:30:00","2025-10-24 18:30:00",0
586,293,"Access Control Policy","Generated Compliance Finding",Medium,Open,"2024-11-12 00:00:00","2024-12-24 18:30:00",,1
587,294,"Anti-Bribery Policy","Generated Compliance Finding",High,"In Progress","2024-04-02 00:00:00","2024-05-04 18:30:00",,1
588,294,"Access Control Policy","Generated Compliance Finding",Medium,Closed,"2024-07-24 00:00:00","2024-08-15 18:30:00","2024-08-09 18:30:00",0
589,295,"Access Control Policy","Generated Compliance Finding",High,"In Progress","2024-09-20 00:00:00","2024-11-03 18:30:00",,1
590,295,"Data Retention Policy","Generated Compliance Finding",High,Open,"2025-04-24 00:00:00","2025-05-12 18:30:00",,1
591,296,"Anti-Bribery Policy","Generated Compliance Finding",Critical,Open,"2025-07-24 00:00:00","2025-08-30 18:30:00",,1
592,296,"Anti-Bribery Policy","Generated Compliance Finding",Low,Open,"2024-09-27 00:00:00","2024-11-14 18:30:00",,1
593,297,"Anti-Bribery Policy","Generated Compliance Finding",Medium,"In Progress","2025-11-19 00:00:00","2026-01-15 18:30:00",,1
594,297,"Anti-Bribery Policy","Generated Compliance Finding",Critical,Open,"2024-04-20 00:00:00","2024-06-16 18:30:00",,1
595,298,"Data Retention Policy","Generated Compliance Finding",Low,"In Progress","2025-09-26 00:00:00","2025-11-14 18:30:00",,1
596,298,"Anti-Bribery Policy","Generated Compliance Finding",Medium,Closed,"2025-10-12 00:00:00","2025-11-24 18:30:00","2025-11-19 18:30:00",0
597,299,"Access Control Policy","Generated Compliance Finding",Low,Open,"2024-05-23 00:00:00","2024-06-08 18:30:00",,1
598,299,"Anti-Bribery Policy","Generated Compliance Finding",Medium,Closed,"2024-04-09 00:00:00","2024-05-08 18:30:00","2024-05-05 18:30:00",0
599,300,"Anti-Bribery Policy","Generated Compliance Finding",Medium,Closed,"2025-01-14 00:00:00","2025-03-11 18:30:00","2025-03-02 18:30:00",0
600,300,"Anti-Bribery Policy","Generated Compliance Finding",Medium,Open,"2025-02-28 00:00:00","2025-04-24 18:30:00",,1
